0.7983339252503394, 2.620240785284629, 0.055210689786680305, 279482000000, 
0.7983338825205424, 2.6025638354520932, 0.10761550264371975, 279516000000, 
0.7983338464330108, -2.627244288788688e-07, 0.15966677694692616, 279550000000, 
0.7983338359364724, -1.552802331161729e-07, 0.15966677099266838, 279618000000, 
0.7983339428160054, 3.2127664898832603e-07, 0.15966677501236592, 279686000000, 
0.7983339332946002, 3.2452709260629337e-07, 0.15966678080313854, 279754000000, 
0.7983338517270011, -3.036300144643178e-07, 0.15966678185584046, 279822000000, 
0.8094633124506019, 0.037097930520005505, 0.16040873983148018, 279924000000, 
0.7952061692479759, -0.010425608263417244, 0.1602002222283719, 279992000000, 
0.7889607715480609, -0.06834180300847, 0.1595753502164426, 280060000000, 
0.7746106759392037, -0.06865164436257398, 0.1572518411156827, 280162000000, 
0.7659834801866652, -0.07659097120465234, 0.15530366184492864, 280230000000, 
0.703635780226538, -0.2365829857088856, 0.14961532909016045, 280298000000, 
0.6792508520289853, -0.2891087605255997, 0.1432580074961459, 280400000000, 
0.6631196745299521, -0.13505368565528642, 0.13640042045236503, 280468000000, 
0.6390085236368175, -0.13414109464055932, 0.132091936679717, 280570000000, 
0.6229544049245388, -0.13388423201804445, 0.1283388402060872, 280638000000, 
0.5989974011845893, -0.13337040817409385, 0.12406402198306304, 280740000000, 
0.5830961397902685, -0.13286088378090088, 0.12033652972662644, 280808000000, 
0.5751670216255866, -0.07943459853000896, 0.11715070417336297, 280842000000, 
0.5514942573424109, -0.10533960815952555, 0.11398382791721773, 280944000000, 
0.5358170427498714, -0.1311665962523841, 0.11083188811452459, 281012000000, 
0.4245709246039655, -0.42307777579481787, 0.10079214831308318, 281080000000, 
0.41311151391043355, -0.4090184294647929, 0.0915666320842847, 281114000000, 
0.37825706525991043, -0.15437953114685024, 0.08106263358495397, 281216000000, 
0.3664688396610738, -0.15547558083119917, 0.07718916125542785, 281250000000, 
0.3426151091484386, -0.11880652037157269, 0.07248940093796152, 281318000000, 
0.3183718028110838, -0.16032345616663335, 0.06849705010803975, 281386000000, 
0.293705719070243, -0.16303130026065205, 0.06364617540198436, 281454000000, 
0.26856840496050616, -0.16601132616859213, 0.0587097284561222, 281522000000, 
0.24291407566225098, -0.1693054780266401, 0.05367921331286667, 281590000000, 
0.21667703512968428, -0.17297123276940626, 0.04854396771682943, 281658000000, 
0.08352671383905319, -0.5312912060773259, 0.03620785497539923, 281760000000, 
0.05502687324799327, -0.53883387293897, 0.02368204148111538, 281828000000, 
0.028573328149700927, -0.18317795229784087, 0.011141794349116493, 281896000000, 
0.00440859263716753, -0.1687276020360858, 0.005867252935657448, 281964000000, 
-0.017399150433782484, -0.15324159527827805, 0.001038851356872398, 282032000000, 
-0.03760273890140464, -0.14003777179524057, -0.00337288644653464, 282100000000, 
-0.038615526527787214, -0.07072125364668243, -0.006241161057531623, 282202000000, 
-0.03568311804349511, 0.006398736193031773, -0.007460092231512464, 282270000000, 
-0.032915356102326765, 0.019000568084868164, -0.007147600044907273, 282372000000, 
-0.02897213939113641, 0.02236992884119567, -0.006504707569130552, 282440000000, 
0.09291925026751491, 0.41944868789947226, 0.002068783651603449, 282508000000, 
0.10803472230810662, 0.4566895389974768, 0.01146545554563234, 282610000000, 
0.1207940753700627, 0.09291608367515931, 0.021449869863045614, 282712000000, 
0.12827980264077432, 0.06748360110889233, 0.02380724002126291, 282780000000, 
0.1355169554229354, 0.049076266842909, 0.025639388895584828, 282848000000, 
0.11004261050305653, -0.06079064045905932, 0.02492262457111775, 282950000000, 
0.08092470112007799, -0.1819741810095247, 0.02176561780307133, 283052000000, 
0.06299061863348188, -0.15683997289858218, 0.016930528683774426, 283154000000, 
0.1431081086810373, 0.20727802520319769, 0.019134895228973145, 283222000000, 
0.13149925531939477, 0.2283621222863763, 0.022506532175594264, 283290000000, 
0.12254374028470716, -0.06854789465443378, 0.026476740285675947, 283392000000, 
0.12171882192075412, -0.03260144466213551, 0.0250507878349904, 283460000000, 
0.12225062251495844, -0.0009770592324957288, 0.02443421231469465, 283528000000, 
0.11569166876584314, -0.020090510516369935, 0.023977407546770378, 283596000000, 
0.08654144417974496, -0.11903059445071158, 0.021632249030703102, 283664000000, 
0.06367975342034837, -0.17337305115164922, 0.017727524424395763, 283766000000, 
0.059666559335949554, -0.08958294947931804, 0.013992517129069525, 283834000000, 
0.04163048831198468, -0.0734975503612123, 0.010998453404552173, 283936000000, 
0.10022444482588311, 0.13519295163311185, 0.013434766164921156, 284038000000, 
0.09935966601597013, 0.19243059234661816, 0.01608097327692253, 284106000000, 
0.1013454502588309, 0.0037366847764926567, 0.02006197074004561, 284208000000, 
0.10003010514912125, 0.0022347971105037465, 0.02004901476159482, 284276000000, 
0.10372102877009093, 0.007918595037533413, 0.020339772278536207, 284378000000, 
0.08517978287994632, -0.04950107423058311, 0.0192620611199439, 284446000000, 
0.12065776463191291, 0.05645578620607328, 0.020637238418796677, 284514000000, 
0.10590095883079975, 0.06907058650284477, 0.0207825670895106, 284616000000, 
0.09464854118272203, -0.08669741149730292, 0.02141381764302898, 284718000000, 
0.09186777250824152, -0.046777287741860775, 0.01949448483478422, 284752000000, 
0.08332262105986166, -0.03775306707620126, 0.01798926231672168, 284854000000, 
0.06582227644155658, -0.08681832022228313, 0.016067511333977318, 284956000000, 
0.07742044405185, -0.019673923360038852, 0.015104356103551216, 285024000000, 
0.06606570890905017, 0.0008114415583119575, 0.013953895293497116, 285126000000, 
0.05865828911120019, -0.0625405164688327, 0.013476296138140024, 285194000000, 
0.05298954280024759, -0.04358722036267526, 0.011847569388033196, 285262000000, 
0.04755213936796432, -0.03702049914411957, 0.010613331418627473, 285330000000, 
0.04079799291050845, -0.0406384996324638, 0.009422645005248025, 285432000000, 
0.04462007129598966, -0.009773560239915527, 0.008864680238297496, 285500000000, 
0.039196103823976536, -0.005339630288439719, 0.008307611202031643, 285568000000, 
0.03466787940874294, -0.03317397295748906, 0.007898936968580609, 285670000000, 
0.03198795807204924, -0.024027152506424326, 0.007056796086984581, 285738000000, 
0.02900610304281548, -0.018872587886424874, 0.006377462701573844, 285806000000, 
0.02473176532828969, -0.02418730914586516, 0.005715055096210293, 285908000000, 
0.025330189187703134, -0.012253046183707816, 0.005271203837253886, 285976000000, 
0.02136263609942146, -0.011230430762894095, 0.004761639374360953, 286078000000, 
0.01811203184069443, -0.024060524490029007, 0.004320323808521268, 286180000000, 
0.016293049036068652, -0.016898623544509366, 0.003717847798412303, 286248000000, 
0.014778644830887533, -0.011111290032689661, 0.0032789150471767077, 286316000000, 
0.01317749833509918, -0.010385169003231573, 0.002949946146803691, 286384000000, 
0.011323053929059412, -0.011518636339427069, 0.0026186131396697416, 286452000000, 
0.009916443048890944, -0.010870184287360788, 0.0022944663542033023, 286554000000, 
0.00854139831485723, -0.009272185380673944, 0.0019853930195205057, 286656000000, 
0.007576184016425014, -0.0078008634415531, 0.0017356016920115458, 286724000000, 
0.0066354013262834854, -0.006353323295245812, 0.0015168655771710486, 286792000000, 
0.0054957751480415595, -0.006934696227944848, 0.0013138240327166706, 286894000000, 
0.004921605271544394, -0.005712653515796973, 0.001136852116391296, 286962000000, 
0.004174429608992725, -0.004404485130162783, 0.0009727873352385785, 287030000000, 
0.0034105404417275054, -0.005036882766056294, 0.0008337716881509749, 287132000000, 
0.0029652839228724304, -0.004030485620400981, 0.0007033502649061773, 287200000000, 
0.002534749033067385, -0.0029193046955337345, 0.0005940382265111547, 287268000000, 
0.0022652904651163652, -0.0023333115258535506, 0.000517688228070412, 287336000000, 
0.001849768926344808, -0.0022832670224085896, 0.0004433205616352372, 287438000000, 
0.0011391560837816783, -0.003753781271115623, 0.0003502810316828568, 287540000000, 
0.0008523385910526038, -0.0033247677843073475, 0.000256084240078606, 287642000000, 
0.0006897125895846123, -0.0014981449806568865, 0.00017874715096125962, 287710000000, 
0.00043445168059808026, -0.0013929563681817452, 0.00013176685741568642, 287812000000, 
0.00029965681544918965, -0.0013001859137847422, 9.492140570879214e-05, 287880000000, 
0.00027858172317518637, -0.0005195665247429796, 6.751268128149708e-05, 287948000000, 
-7.180713034449226e-05, -0.0012382131526456064, 3.3762093885325586e-05, 288016000000, 
-0.00011352603051761889, -0.0013070258456426842, 6.21657082087168e-06, 288118000000, 
-0.00015001726251151482, -0.00026070044055674185, -2.2356694891575065e-05, 288186000000, 
-0.0001631064485758671, -0.00016526806019416065, -2.8443316107000054e-05, 288254000000, 
-0.00019199952328774472, -0.00013994086925409968, -3.367488229167511e-05, 288356000000, 
-0.0001609681276257824, 7.1277365002823485e-06, -3.440493996595961e-05, 288424000000, 
-0.00033081421190361837, -0.00046271562871957883, -4.558545752114303e-05, 288526000000, 
-0.0003163832457211413, -0.0005180503936511963, -5.3877705683369466e-05, 288628000000, 
-0.00030044024229525235, 0.00010124656536122008, -6.317584666133413e-05, 288696000000, 
-0.000285885890130011, 0.00010165785197043438, -6.018062520976031e-05, 288798000000, 
-0.0002820510670482612, 6.129725082330377e-05, -5.789181329823497e-05, 288900000000, 
-0.0002475935256414097, 0.0001276412149620043, -5.436869885464546e-05, 288968000000, 
-0.0003375163757293187, -0.0001848843622701916, -5.781073122793264e-05, 289036000000, 
-0.00031759009660170534, -0.00023332190320098553, -6.017999986482891e-05, 289104000000, 
-0.00029975850676100535, 0.00012585956322771116, -6.365766527280195e-05, 289172000000, 
-0.00028386887027043173, 0.00011240408777091204, -6.008116490887616e-05, 289240000000, 
-0.00025810579815965795, 0.00013884236200449132, -5.6115545012739665e-05, 289342000000, 
-0.0002427453039870464, 0.00013707855427795104, -5.231466482780907e-05, 289410000000, 
-0.0002536125061598504, 1.4977639999358416e-05, -5.0297573887103654e-05, 289512000000, 
-0.00022181403683285694, 6.97708905139649e-05, -4.7878123131983584e-05, 289614000000, 
-0.00020055112981287593, 0.000176871254489915, -4.5065178187038885e-05, 289682000000, 
-0.00017551181201680421, 0.00015434074938684242, -3.985846524416914e-05, 289784000000, 
-0.00015953808665525315, 0.00013671014385874258, -3.570673523232888e-05, 289852000000, 
-0.00012737764077730418, 0.00016044723746500011, -3.0828502629957434e-05, 289954000000, 
-0.0001290580030564037, 0.00010160027866283154, -2.77315820325974e-05, 290056000000, 
-0.00011700175550277692, 3.4586284248424214e-05, -2.489582662243232e-05, 290124000000, 
-0.00010498548925585993, 8.02417126684792e-05, -2.34030165210027e-05, 290192000000, 
-9.484086462663299e-05, 7.386963625381308e-05, -2.112187395901799e-05, 290260000000, 
-8.010314221573722e-05, 8.294115680040903e-05, -1.8661966406548675e-05, 290396000000, 
-7.11387550205167e-05, 7.900703202038765e-05, -1.6405517457525792e-05, 290464000000, 
-7.183282995226747e-05, 2.756770754489916e-05, -1.487164847923476e-05, 290532000000, 
-6.252189470989933e-05, 2.8722867702057897e-05, -1.36995653121789e-05, 290600000000, 
-5.3238154998691556e-05, 6.198224984525307e-05, -1.2506191977390557e-05, 290702000000, 
-4.710556031817248e-05, 5.1387781305756164e-05, -1.0857707335117557e-05, 290770000000, 
-4.281447185272569e-05, 3.474561048655289e-05, -9.543879144639315e-06, 290838000000, 
-3.617546686029982e-05, 3.643364485957553e-05, -8.406366602079865e-06, 290940000000, 
-3.3276725403208474e-05, 3.1792488165057385e-05, -7.484444274415599e-06, 291008000000, 
-2.727302826643907e-05, 2.967479531286917e-05, -6.448348035329824e-06, 291110000000, 
-2.4172621280182938e-05, 3.0347013743418454e-05, -5.648158329988699e-06, 291178000000, 
-1.939770389025597e-05, 2.625108125394367e-05, -4.722890229125198e-06, 291280000000, 
-1.679972418067166e-05, 2.457632366503759e-05, -4.0246699567407045e-06, 291348000000, 
-1.3069072681393124e-05, 2.109543736287615e-05, -3.28443338348805e-06, 291450000000, 
-1.2157240932619828e-05, 1.5474944160172772e-05, -2.8017358529789742e-06, 291484000000, 
-9.49998283150677e-06, 1.1896966166287845e-05, -2.3150864297013148e-06, 291586000000, 
-7.875851406602408e-06, 1.4271298420058068e-05, -1.9688716780486005e-06, 291654000000, 
-6.67930282904905e-06, 9.402266674859069e-06, -1.603675804477215e-06, 291722000000, 
-5.004672982700242e-06, 9.570594746340552e-06, -1.3039884812234466e-06, 291824000000, 
-4.1661158247663366e-06, 8.37729001427571e-06, -1.0566727757677085e-06, 291892000000, 
-3.159965567434142e-06, 6.149024717553668e-06, -8.22050291660048e-07, 291960000000, 
-2.1032437960144534e-06, 6.87624009583961e-06, -6.286216792143287e-07, 292062000000, 
-1.5009908951313378e-06, 5.529915574342681e-06, -4.5094668390532886e-07, 292130000000, 
-6.809864196988258e-07, 4.7408579210520925e-06, -2.856814073896411e-07, 292232000000, 
-1.7363764559519268e-07, 4.42451083178715e-06, -1.5704099736169043e-07, 292300000000, 
3.074378236433972e-07, 3.29474747780741e-06, -3.647908277670808e-08, 292368000000, 
7.959118164535539e-07, 3.2318315401624886e-06, 6.198079963345056e-08, 292436000000, 
9.224604138324821e-07, 2.050075300630283e-06, 1.3505400359529555e-07, 292538000000, 
1.1619234192572492e-06, 1.2200386760123176e-06, 1.9201970996955234e-07, 292606000000, 
1.3330425474578078e-06, 1.368607112084419e-06, 2.2782842536983595e-07, 292674000000, 
1.563570578344553e-06, 1.3388238636243461e-06, 2.70569103003974e-07, 292776000000, 
1.6840836147835603e-06, 1.1701368910858416e-06, 3.0537978270572805e-07, 292844000000, 
1.8373942181071357e-06, 9.127454658752754e-07, 3.390032274156833e-07, 292912000000, 
1.1616622774823782e-06, -1.7414044576706071e-06, 3.122093406915383e-07, 292980000000, 
1.2269979738910308e-06, -2.034654147387016e-06, 2.817369646320363e-07, 293048000000, 
1.2678095302476322e-06, 3.538241758841802e-07, 2.4376465210806943e-07, 293116000000, 
1.3304506678579742e-06, 3.4484231322314446e-07, 2.5501721146644247e-07, 293184000000, 
1.4342937135758405e-06, 5.549472777606942e-07, 2.688369274454298e-07, 293286000000, 
1.598585750439696e-06, 8.937836086057397e-07, 2.9088867545823407e-07, 293354000000, 
1.9644848845423724e-06, 1.767303903221773e-06, 3.331576232371939e-07, 293422000000, 
9.693539650967864e-07, -2.0974392844763656e-06, 3.0216164000525697e-07, 293490000000, 
1.0682492299629587e-06, -2.987452181931379e-06, 2.668058719734745e-07, 293558000000, 
1.1970813029726912e-06, 7.590911262530161e-07, 2.1564563320216243e-07, 293626000000, 
1.2690649811020194e-06, 6.693858371302023e-07, 2.356263676025113e-07, 293694000000, 
1.3674025431953396e-06, 5.677374674088279e-07, 2.5556992181800336e-07, 293762000000, 
1.3839582364560954e-06, 3.829775178469201e-07, 2.680283840502303e-07, 293830000000, 
1.7909911513847021e-06, 1.411962027297875e-06, 3.028234620690758e-07, 293932000000, 
4.667599728946925e-07, -3.0573275452046764e-06, 2.4278062404903267e-07, 294000000000, 
4.823513695129122e-07, -4.3621326062392995e-06, 1.8267349958615378e-07, 294068000000, 
5.844834292112466e-07, 3.924115210551804e-07, 1.0223965144125676e-07, 294170000000, 
6.60115259787375e-07, 5.925463009148757e-07, 1.1513000390076893e-07, 294238000000, 
7.472155125753943e-07, 5.424402778804923e-07, 1.3278761343826772e-07, 294306000000, 
1.1429633803849981e-06, 1.6094937353254106e-06, 1.7001961018318448e-07, 294408000000, 
6.299019039701648e-08, -2.280751073927926e-06, 1.3021127222382725e-07, 294510000000, 
2.3268058857439655e-07, -3.0342759727020052e-06, 9.590894395709407e-08, 294578000000, 
3.934984089681848e-07, 1.1016940619038944e-06, 4.594461252930652e-08, 294646000000, 
5.946793719679988e-07, 1.2066626113120076e-06, 8.1390557967372e-08, 294748000000, 
6.869683208954314e-07, 9.782330397574885e-07, 1.1167640678877433e-07, 294816000000, 
1.0620002046657362e-06, 1.557736108992458e-06, 1.5624319316861108e-07, 294918000000, 
-0.2863073039079751, -0.9543599695876533, -0.019087036995963303, 295020000000, 
-0.2975685101167578, -0.9918985737232081, -0.03892498346830188, 295088000000, 
-0.30972234682621647, -0.07805014306080456, -0.05957321072339662, 295156000000, 
-0.3298640061687248, -0.10765165350655674, -0.06247699087411327, 295258000000, 
-0.34475255811098293, -0.11676737094922156, -0.06562259407372828, 295326000000, 
-0.3573754751354543, -0.09170489655576504, -0.06879946929434413, 295394000000, 
-0.32217618288173133, 0.07525458409750534, -0.06828694774187791, 295462000000, 
-0.17424910544384353, 0.6104212323053693, -0.056920050897401944, 295530000000, 
-0.12978958736916013, 0.6412886517085706, -0.041747658379649, 295632000000, 
-0.09628831968048512, 0.25986928587786134, -0.02668846749956592, 295700000000, 
-0.03602560273993083, 0.31254661543076434, -0.01747356731930507, 295802000000, 
-0.0022756198018072382, 0.3133756662622596, -0.008972636148148213, 295870000000, 
0.005027160755905147, 0.13684254498611992, -0.002218270785722195, 295938000000, 
-0.16178019675075372, -0.531681923163155, -0.010601910386443722, 296006000000, 
-0.16963783858412862, -0.5822166644667792, -0.02175939163859848, 296108000000, 
-0.18226063681401206, -0.06826813354419443, -0.034245244809926294, 296210000000, 
-0.19588394292439126, -0.08748701446754215, -0.03651882788816879, 296278000000, 
-0.2090623096048514, -0.0893389093027978, -0.03914712595621698, 296346000000, 
-0.16866461529631627, 0.09073109209358332, -0.03824072452170393, 296448000000, 
-0.231446671810426, -0.07461454068524868, -0.04061157311410624, 296516000000, 
-0.20550926190596996, -0.12281548869884566, -0.04037470326751415, 296584000000, 
-0.18119361246255883, 0.1675101978262239, -0.041209969745263655, 296686000000, 
-0.1628934846732788, 0.14205259077563723, -0.036639757269453836, 296754000000, 
-0.14459154673820063, 0.12200688574786067, -0.032578576258269216, 296822000000, 
-0.11835776778802343, 0.14845238961751792, -0.028389519946633524, 296924000000, 
-0.09817421019239303, 0.15472445515269198, -0.024074901647907807, 296992000000, 
-0.0763094209845665, 0.1401611560115231, -0.019522759930998862, 297060000000, 
-0.10746751238968111, -0.03097767399096026, -0.01879674290444271, 297128000000, 
-0.09070865093282121, -0.047997433160849035, -0.018299038953804588, 297230000000, 
-0.08058942728312335, 0.0895936170218592, -0.01858437270704171, 297298000000, 
-0.07599633555665175, 0.0490410512538982, -0.016486294251506422, 297366000000, 
-0.07193313297605375, 0.02885431435689867, -0.01523459305438859, 297434000000, 
-0.06805296988754073, 0.026477885563703413, -0.014398829228016415, 297502000000, 
-0.07019961669464614, 0.005778387604692033, -0.014012381303882708, 297604000000, 
-0.065601741937932, 0.008170759832029084, -0.013590288568007924, 297638000000, 
-0.05805551104682394, 0.04048035215940734, -0.012923791311960139, 297740000000, 
-0.05121340397735352, 0.0479611265352616, -0.011658043797473963, 297808000000, 
-0.04266786958356583, 0.05129213821086035, -0.010129118973849553, 297910000000, 
-0.03711318319207413, 0.047000735950931315, -0.008732963783532898, 297978000000, 
-0.027428830415231253, 0.05079679722778193, -0.007147325546058081, 298080000000, 
-0.022650409675725403, 0.04820924505449575, -0.005812828218868719, 298148000000, 
-0.016940486333134164, 0.03496114694032363, -0.0044679817616060545, 298250000000, 
-0.023858613544279983, -0.004027346228515268, -0.004229967303542637, 298318000000, 
-0.02029138516282858, -0.01116966276564805, -0.004072699002682849, 298420000000, 
-0.01908348748384947, 0.01591708686810171, -0.004215565746063869, 298488000000, 
-0.017903173280632068, 0.007960706273988372, -0.0038185363951540076, 298590000000, 
-0.017443538712971662, 0.005466495902926027, -0.003628679965163547, 298658000000, 
-0.015165971694464542, 0.009124005287225087, -0.003367512245871218, 298726000000, 
-0.013089732743648774, 0.014512686564409627, -0.0030466162100723317, 298794000000, 
-0.0110397272389533, 0.01375414818503747, -0.0026196954451377743, 298862000000, 
-0.009168093638324049, 0.01307213035108242, -0.0022198369080617415, 298964000000, 
-0.01248753530274671, -0.0048260268793113665, -0.002179690412001604, 299066000000, 
-0.011787909431185906, -0.008732719309539524, -0.002229569224817111, 299100000000, 
-0.0105145997437881, 0.006576451863195369, -0.002319336298514714, 299202000000, 
-0.00992915473773337, 0.0061958489781751185, -0.002148777594180492, 299270000000, 
-0.009225478084612604, 0.004297072197251654, -0.0019779488377422716, 299372000000, 
-0.00774682995305076, 0.007274415948942033, -0.0017934308516931155, 299474000000, 
-0.0065102450499114894, 0.009050776782337048, -0.001565503539171657, 299542000000, 
-0.005644263909313274, 0.007008553479124953, -0.001326755927485035, 299610000000, 
-0.004883754668008944, 0.005421634606341819, -0.0011358842418155806, 299678000000, 
-0.0068409648052685235, -0.003989002986517498, -0.0011579322255060494, 299780000000, 
-0.0061475697541371055, -0.0042127169537605385, -0.0011914859484943047, 299848000000, 
-0.0056072639743622865, 0.00411233610302079, -0.0012397199022511944, 299950000000, 
-0.005191980999779577, 0.003185295847858427, -0.0011297876485519313, 300052000000, 
-0.004959495320678631, 0.0021592288456121858, -0.0010505826863213663, 300120000000, 
-0.0038412424972067427, 0.004502461675242782, -0.0009328479211776633, 300222000000, 
-0.0032282898647819636, 0.00577068485298889, -0.0008019351788444892, 300290000000, 
-0.0027836942559607003, 0.0035251608041534746, -0.0006568817745299605, 300358000000, 
-0.0038715247742340253, -0.002144116364840206, -0.0006589005929984459, 300460000000, 
-0.0034963006972077437, -0.0023753548041568115, -0.0006767679818268313, 300528000000, 
-0.0031315166068979217, 0.0024666938911203453, -0.0006999561385559794, 300596000000, 
-0.0029909345980172475, 0.0016845536639683207, -0.0006412501268081942, 300664000000, 
-0.002802428612517893, 0.0010969599812667614, -0.0005949919878288708, 300766000000, 
-0.002593034148199891, 0.0013263348327245221, -0.0005590931572490021, 300834000000, 
-0.001963461023483326, 0.0027965586301152237, -0.0004905949189467407, 300936000000, 
-0.0017176985011029267, 0.002917785490323214, -0.0004182795781857429, 301004000000, 
-0.0014871359223089797, 0.0015877503372478212, -0.0003445530297930155, 301072000000, 
-0.002226009741140622, -0.0016943708001256514, -0.0003620562776368352, 301140000000, 
-0.0020033062033237847, -0.0017205676033826833, -0.00038109679111822576, 301208000000, 
-0.0017327435171021754, 0.0016442207467948222, -0.00039747063077110546, 301310000000, 
-0.0016781888569230574, 0.0010837244880024244, -0.0003609492384899345, 301378000000, 
-0.0015649839991116465, 0.000559198393301763, -0.0003317277582091253, 301480000000, 
-0.0011799319704639544, 0.0016608562881970101, -0.00029487365509991054, 301582000000, 
-0.0009700034991122486, 0.0019832683333313264, -0.0002476612979125233, 301650000000, 
-0.0007892053566296298, 0.0013024220461144154, -0.00019594272174705551, 301752000000, 
-0.0007004452222472146, 0.0008985275895501132, -0.0001639769385326062, 301786000000, 
-0.001066993969301322, -0.0009259620422389739, -0.00017044296987854443, 301888000000, 
-0.0009483247148418528, -0.0008262649753154605, -0.0001810509270926926, 301956000000, 
-0.0009165546461047391, 0.000501464410655276, -0.00019545822201652758, 302024000000, 
-0.0008853400718158433, 0.00020994881008669827, -0.00018334796218416233, 302092000000, 
-0.0008413267156859305, 0.00025075976806269534, -0.0001762147622404342, 302194000000, 
-0.0007892350985954089, 0.0003203499107347814, -0.00016772679240647885, 302262000000, 
-0.0006464662848375546, 0.0006495347694945863, -0.00015180187327459293, 302330000000, 
-0.0005664361396067186, 0.0007426631966289676, -0.00013347583486931214, 302398000000, 
-0.0004999149452808993, 0.0004885044651888512, -0.00011418782464834483, 302466000000, 
-0.0007074321618278923, -0.0004699867407372456, -0.00011825221644770067, 302568000000, 
-0.0006424034161605086, -0.0004749615695986975, -0.00012331670155128668, 302636000000, 
-0.0005873583747386668, 0.0004002459569640848, -0.00012914626351513784, 302704000000, 
-0.0005431903661277104, 0.00033071016677599374, -0.00011819681046845905, 302806000000, 
-0.0005167710285154392, 0.00023529115407742532, -0.00010982131795878776, 302874000000, 
-0.00042589531043990547, 0.00039098351895934985, -9.905711367220367e-05, 302976000000, 
-0.0003578710681213515, 0.000529666534646959, -8.670249380511308e-05, 303044000000, 
-0.00028948129614247975, 0.00045471338099141906, -7.154984498024912e-05, 303146000000, 
-0.00040899880893574547, -0.00017042580271464658, -7.042341154663844e-05, 303248000000, 
-0.00036645082192032774, -0.00025656508592615995, -7.099539513323686e-05, 303316000000, 
-0.00032842996573956285, 0.0002685628106539421, -7.359197310637573e-05, 303418000000, 
-0.00031252857960151204, 0.0001797408077293857, -6.71606244840935e-05, 303486000000, 
-0.000294813876740907, 0.00011205362999551956, -6.238482813879879e-05, 303588000000, 
-0.00022997909176281084, 0.0002751649594623373, -5.5821436540348655e-05, 303690000000, 
-0.0001935994126136542, 0.00033738154709084256, -4.78928254078248e-05, 303758000000, 
-0.00016800723217169633, 0.00020657286530371502, -3.9439049103210755e-05, 303826000000, 
-0.0001580863925294551, 0.00011837673361399699, -3.464620248765371e-05, 303860000000, 
-0.00022601228044427657, -0.0001933501609086008, -3.6807060343028536e-05, 303962000000, 
-0.00019114017453558674, -0.00011017927335377209, -3.834925650062123e-05, 304064000000, 
-0.00018272489820692073, 0.00014429127412451948, -3.99918235457856e-05, 304132000000, 
-0.00017477243813379673, 5.455912133930004e-05, -3.657583405842028e-05, 304200000000, 
-0.00016034139394616176, 7.461168086919656e-05, -3.4522582019125284e-05, 304302000000, 
-0.00013458207102168274, 0.0001339678903737133, -3.131306020677608e-05, 304370000000, 
-0.00010179776783836303, 0.0001951454203593291, -2.64480821870805e-05, 304472000000, 
-9.225156153513936e-05, 0.00014110169828847793, -2.1908760026345676e-05, 304506000000, 
-7.22555177605777e-05, 9.847416692595108e-05, -1.775365647560534e-05, 304608000000, 
-0.00012080271051129188, -9.517049658717507e-05, -1.9020652653800596e-05, 304676000000, 
-0.00010576822005470277, -0.00011170900764708354, -1.992176322177149e-05, 304778000000, 
-9.747618853328532e-05, 7.775507326002185e-05, -2.160314127328533e-05, 304880000000, 
-9.328309519673894e-05, 4.161708285987942e-05, -1.9768500252315135e-05, 304948000000, 
-8.654180143619072e-05, 3.644795699031533e-05, -1.8486739011081e-05, 305050000000, 
-6.946315841993567e-05, 7.939978925601092e-05, -1.661920367019102e-05, 305118000000, 
-5.82090230181187e-05, 9.444259472690675e-05, -1.4280932191616339e-05, 305186000000, 
-4.5747729276346405e-05, 7.905143047863088e-05, -1.1561327380960052e-05, 305254000000, 
-4.00339010009354e-05, 6.058374005727766e-05, -9.599376886360034e-06, 305322000000, 
-6.91783803414836e-05, -7.8102170217124e-05, -1.033066737458436e-05, 305390000000, 
-5.928590947146262e-05, -6.417336156842406e-05, -1.1233212720925441e-05, 305492000000, 
-5.5117986622832404e-05, 4.686797906217066e-05, -1.2238818429051908e-05, 305594000000, 
-5.3607536378397214e-05, 1.892791031021801e-05, -1.120076216484615e-05, 305662000000, 
-5.201735367377225e-05, 1.0335443163533853e-05, -1.0716191778333457e-05, 305730000000, 
-3.894547913363411e-05, 4.887352414921035e-05, -9.638024612386905e-06, 305832000000, 
-3.267408765150748e-05, 6.447755340754924e-05, -8.242461363927588e-06, 305900000000, 
-2.5517791019336045e-05, 4.475896038099355e-05, -6.475823853631842e-06, 305968000000, 
-2.235982876364062e-05, 3.438086295955619e-05, -5.370113828965609e-06, 306036000000, 
-3.824512017924775e-05, -4.2424430533039015e-05, -5.7415159974816275e-06, 306138000000, 
-3.380182583700986e-05, -3.8139990244564124e-05, -6.293784985326549e-06, 306206000000, 
-3.26711779106148e-05, 1.8579807562109824e-05, -6.981208261791493e-06, 306274000000, 
-3.09499703590177e-05, 9.506184926640534e-06, -6.4948649404428235e-06, 306376000000, 
-2.991040704491965e-05, 9.202569552317167e-06, -6.235437020970143e-06, 306444000000, 
-2.4723471891530124e-05, 2.0754994891625245e-05, -5.705589953031165e-06, 306546000000, 
-2.078850891606976e-05, 3.0406327096166308e-05, -5.028159190167969e-06, 306614000000, 
-1.6505056460669465e-05, 2.7394718102868865e-05, -4.134469151217956e-06, 306716000000, 
-2.803744248769391e-05, -2.4163111905413832e-05, -4.355400524295542e-06, 306784000000, 
-2.4283799500590675e-05, -2.5929143466404032e-05, -4.5884198965969365e-06, 306886000000, 
-2.2542435534678162e-05, 1.831668984338582e-05, -4.990911834864183e-06, 306954000000, 
-2.0908874335923144e-05, 1.1249750548891768e-05, -4.515673958079466e-06, 307056000000, 
-2.0185127461047614e-05, 7.857693578768496e-06, -4.242429155443261e-06, 307124000000, 
-1.678053620413067e-05, 1.3761127105974916e-05, -3.858302533406762e-06, 307192000000, 
-1.3651774389611404e-05, 2.177784357145403e-05, -3.3744958703193125e-06, 307260000000, 
-9.947875621918456e-06, 2.277553527404071e-05, -2.6920124143773686e-06, 307362000000, 
-7.860470723652924e-06, 1.9304345553194935e-05, -2.097341382345519e-06, 307430000000, 
-1.4131099264513836e-05, -1.3944078808651264e-05, -2.129296374005681e-06, 307532000000, 
-1.2236693424760858e-05, -1.4587409003693116e-05, -2.2818842275285077e-06, 307634000000, 
-1.18578242500611e-05, 7.577583381509119e-06, -2.548374462622386e-06, 307668000000, 
-1.106140600715122e-05, 3.917624725365461e-06, -2.3437282454648783e-06, 307770000000, 
-1.0733332135082208e-05, 3.748307049929641e-06, -2.2435041594863017e-06, 307872000000, 
-8.936739222864531e-06, 7.082222614288962e-06, -2.048765157673197e-06, 307940000000, 
-7.2700195783426125e-06, 1.1544375189131983e-05, -1.79600606241929e-06, 308008000000, 
-5.602057058240462e-06, 1.1115607215413567e-05, -1.453921057296507e-06, 308110000000, 
-4.3956750235274455e-06, 9.581148516050556e-06, -1.1511834440073679e-06, 308178000000, 
-8.862598394276944e-06, -1.0868471120121606e-05, -1.2573553650696568e-06, 308280000000, 
-8.074475541519632e-06, -1.2262668393307289e-05, -1.4221832639549349e-06, 308348000000, 
-7.293961529430959e-06, 5.228789549486616e-06, -1.6154023643485023e-06, 308416000000, 
-6.887696444746183e-06, 3.9559303225781646e-06, -1.483742234379785e-06, 308484000000, 
-6.4913837474200875e-06, 2.6752592733695715e-06, -1.3782027814398153e-06, 308552000000, 
-5.806080326742347e-06, 3.605387060012788e-06, -1.2790107012605746e-06, 308654000000, 
-4.204203596813727e-06, 7.623933835354535e-06, -1.1001111780650775e-06, 308722000000, 
-3.186142253586155e-06, 8.733126910520639e-06, -8.797617451428152e-07, 308790000000, 
-6.350229177165545e-06, -7.153418601172727e-06, -9.160383351710285e-07, 308892000000, 
-5.713482880587151e-06, -8.424468756669986e-06, -1.0166569540892568e-06, 308960000000, 
-4.811549583649821e-06, 5.128931978385746e-06, -1.1250174427601678e-06, 309062000000, 
-4.514282851530993e-06, 3.997333430187193e-06, -1.0026210210511977e-06, 309130000000, 
-4.229073436334829e-06, 1.94158715771664e-06, -9.036603914343762e-07, 309232000000, 
-3.2307414086218955e-06, 4.278471476363658e-06, -7.982731797658479e-07, 309300000000, 
-1.7306459976218491e-06, 8.3280914623766e-06, -6.126973895052382e-07, 309402000000, 
-1.059209925990956e-06, 7.238438275436465e-06, -4.013731554823134e-07, 309470000000, 
-3.2975049713002136e-07, 4.669651668306092e-06, -2.079737613828551e-07, 309538000000, 
-2.639284559791122e-06, -5.266915446000553e-06, -2.6854966552747326e-07, 309640000000, 
-2.2458495285704316e-06, -6.386996771468034e-06, -3.47658972366105e-07, 309708000000, 
-1.9174358696361082e-06, 2.406162300516712e-06, -4.535046638665108e-07, 309810000000, 
-1.922319490699209e-06, 1.0784334595707417e-06, -4.057069925937166e-07, 309844000000, 
-1.8484151387276881e-06, 2.3006910302806696e-07, -3.7921136660420035e-07, 309946000000, 
-1.6638296549409404e-06, 8.61632785860896e-07, -3.623042856245225e-07, 310014000000, 
-9.73901178369374e-07, 2.9150465345277135e-06, -2.9907639813586685e-07, 310082000000, 
-1.8860399242370818e-07, 4.91741887505744e-06, -1.884223217156015e-07, 310184000000, 
9.509643916771893e-08, 3.56332539179031e-06, -7.116058210835755e-08, 310252000000, 
-1.933323681146959e-06, -5.815732295744169e-06, -1.351220822935299e-07, 310354000000, 
-1.5707407228227055e-06, -5.552790539968082e-06, -2.2726453098679635e-07, 310422000000, 
-1.352705239821006e-06, 1.9353948044198432e-06, -3.2378464291937804e-07, 310490000000, 
-1.112806093939156e-06, 1.526448762945165e-06, -2.6908347043885784e-07, 310592000000, 
-9.847183304323437e-07, 1.226623031295541e-06, -2.3001531094616703e-07, 310660000000, 
-3.618434312180341e-07, 2.503208875737073e-06, -1.6395785703930225e-07, 310762000000, 
1.3830415612758884e-07, 3.7434082885331086e-06, -8.055050703485259e-08, 310830000000, 
4.6908573958504007e-07, 2.769763902676914e-06, 1.6369764299639657e-08, 310898000000, 
9.491959214180667e-07, 2.70297255096826e-06, 1.0377238780871304e-07, 311000000000, 
-1.0832263619420246e-06, -5.174373671756882e-06, 2.2337019937405483e-08, 311102000000, 
-9.663823483663236e-07, -6.3852608992813016e-06, -7.336085259268543e-08, 311204000000, 
-9.498735926705137e-07, 4.445092309050362e-07, -1.9996548686525746e-07, 311272000000, 
-8.858866116234765e-07, 2.683191224761572e-07, -1.8680950351068759e-07, 311374000000, 
-8.696967577215275e-07, 2.672561164966207e-07, -1.8036379746770117e-07, 311442000000, 
-3.701825215252086e-07, 1.719013633660893e-06, -1.4171772605801417e-07, 311510000000, 
4.3043177111457e-07, 4.333761762786992e-06, -5.3963167208811074e-08, 311612000000, 
8.4934605970588e-07, 4.065095270770295e-06, 6.063968728634942e-08, 311680000000, 
-9.329756132103739e-07, -4.544691281083146e-06, 2.3120147840671735e-08, 311748000000, 
-6.864004347129082e-07, -5.119154981395961e-06, -5.133533254782681e-08, 311816000000, 
-4.3117716730378675e-07, 1.6726614863552907e-06, -1.367035476818046e-07, 311884000000, 
-2.623354262709654e-07, 1.4135500281398095e-06, -9.199420188584402e-08, 311986000000, 
-3.4045079777556e-07, 3.024212317607559e-07, -6.893089275668748e-08, 312054000000, 
-2.636891092144822e-07, -4.512276478389292e-09, -5.7765022217400504e-08, 312122000000, 
4.0038266613251494e-07, 2.469444879693583e-06, -1.358381605716848e-08, 312224000000, 
7.558252757000616e-07, 3.3983812830484794e-06, 5.950125550787296e-08, 312326000000, 
1.0112095334413596e-06, 2.036089557696149e-06, 1.4449449835159573e-07, 312394000000, 
-6.841033086679715e-07, -4.799761947893444e-06, 7.219543336489665e-08, 312462000000, 
-3.332190399163437e-07, -4.481428577859011e-06, -4.0752100953037974e-10, 312564000000, 
-9.927667088405201e-08, 1.9494221259463984e-06, -7.443993463122449e-08, 312632000000, 
2.8157794318417473e-08, 1.204589447449204e-06, -2.695586109879855e-08, 312734000000, 
6.724137735503177e-08, 5.55060160796946e-07, -2.584999473735176e-10, 312802000000, 
2.2936224874925415e-07, 6.706815147694556e-07, 2.165076136151356e-08, 312870000000, 
8.641718687307787e-07, 2.6564349712524895e-06, 7.738503298900431e-08, 312972000000, 
1.0684843059216576e-06, 2.7970735239080113e-06, 1.441345615601127e-07, 313040000000, 
1.2580045409826823e-06, 1.3127755741730123e-06, 2.1271071437567457e-07, 313108000000, 
-4.6244982110366095e-07, -5.103113756751061e-06, 1.2426926838671192e-07, 313210000000, 
-3.648094648589506e-07, -5.40938001947211e-06, 2.8716350334671386e-08, 313278000000, 
-3.1078054130162514e-07, 5.055642660067861e-07, -7.586932181761577e-08, 313380000000, 
-2.971438326504483e-07, 2.2555210736167433e-07, -6.484892258740161e-08, 313448000000, 
-2.6424312382644644e-07, 1.5512472491726234e-07, -5.8144499851901327e-08, 313516000000, 
2.0820742907545764e-07, 1.6845042057530197e-06, -2.3545301826762473e-08, 313618000000, 
6.664194898142739e-07, 3.1022087121357345e-06, 4.069225300421901e-08, 313686000000, 
1.2676526548460743e-06, 3.5314840859020555e-06, 1.4281863824905372e-07, 313788000000, 
1.4186973249508128e-06, 2.507592783788463e-06, 2.2351796464074406e-07, 313822000000, 
-1.5821442866936763e-07, -4.752890278384807e-06, 1.6854237007516795e-07, 313924000000, 
1.7442767230591016e-08, -4.670848525734073e-06, 8.519504423413574e-08, 313992000000, 
6.297421872858422e-08, 7.372954913265062e-07, -5.186496180679493e-09, 314094000000, 
-1.4182947261076606e-08, -1.0541904830555875e-07, 4.415602579873242e-09, 314196000000, 
-5.923834400789474e-08, -4.0737520912159653e-07, -6.96471502692475e-10, 314264000000, 
4.454087130234541e-07, 1.5319722009484356e-06, 2.479916145029885e-08, 314366000000, 
9.405774430426561e-07, 3.332719290168503e-06, 8.844985413721436e-08, 314468000000, 
1.129803838928467e-06, 2.281317086350043e-06, 1.677193329996385e-07, 314536000000, 
-0.16980785931997788, -0.5660293329914031, -0.011320385929246394, 314604000000, 
-0.17846231145528435, -0.594878137530411, -0.023217936064761552, 314706000000, 
-0.18473366303084715, -0.049752679036230894, -0.03553358892040729, 314774000000, 
-0.19145625016459578, -0.04331312903103809, -0.03697681497671515, 314842000000, 
-0.2024973898551945, -0.05921242274782449, -0.03857915353670916, 314944000000, 
-0.16601384212596937, 0.08480802679542136, -0.03733116547638397, 315012000000, 
-0.14628066006322893, 0.1873890993065519, -0.03431945946962619, 315080000000, 
-0.11324268918336866, 0.17590384314200236, -0.028369146091504465, 315148000000, 
-0.09162892221068342, 0.18217245950848504, -0.0234101514304854, 315250000000, 
-0.2092192495609113, -0.31992186792514216, -0.02760605739699756, 315352000000, 
-0.19796672819452366, -0.3544593532794675, -0.03325432666440789, 315454000000, 
-0.19492961981990242, 0.047632099136696304, -0.040141039838355826, 315522000000, 
-0.196330460458356, 0.0054542257872255044, -0.0392817872315188, 315624000000, 
-0.19070099233083004, 0.014095424963574596, -0.0387974048406059, 315726000000, 
-0.15372241310276213, 0.14202682451864623, -0.03605025772612988, 315794000000, 
-0.11879484824835851, 0.23968714694157178, -0.030881216912130045, 315896000000, 
-0.10741974352352446, 0.15434223193079225, -0.025329133658309674, 315964000000, 
0.08768628118969546, 0.6882704314601799, -0.009235220705479167, 316032000000, 
0.1116253170271515, 0.7301502018355865, 0.006126123646221501, 316100000000, 
0.1442239115818742, 0.18845876797392913, 0.022902367319914744, 316202000000, 
0.16361170463181418, 0.17328795868220892, 0.02796406221605599, 316270000000, 
0.17590756296288013, 0.10561217127001976, 0.0322495452784379, 316338000000, 
0.03918520521889057, -0.4147549980430787, 0.025246964854238992, 316440000000, 
0.0036815658324218514, -0.5740866571015276, 0.01458495560094617, 316508000000, 
-0.030931150196996215, -0.23372118471962264, 0.000795708056954414, 316610000000, 
-0.05649388437286129, -0.20058483401761049, -0.0055828979158290435, 316678000000, 
-0.08090863580813457, -0.1665916187037945, -0.011222244691866138, 316746000000, 
-0.09956738878023641, -0.14357834802458372, -0.015797993930748818, 316814000000, 
-0.08490224467050234, -0.0133120295412259, -0.01769188461725822, 316882000000, 
0.06293711633612498, 0.5416816837212046, -0.008102167807640918, 316950000000, 
0.08097962864061214, 0.5529395777037149, 0.003934300020415653, 317052000000, 
0.09863315318117927, 0.11898678948351431, 0.01616999321052776, 317120000000, 
0.11606316700505626, 0.11694512788148037, 0.019711729921789843, 317188000000, 
0.13522298509101383, 0.1219661063661152, 0.023327953685149956, 317256000000, 
0.12845656350792845, 0.04131132167624063, 0.025316181040266568, 317358000000, 
0.10397059227571726, -0.10417464271765524, 0.024510009391643967, 317460000000, 
0.17173561220639222, 0.14426349566154592, 0.026944184532669193, 317528000000, 
0.15278607306764158, 0.16271826930641442, 0.02856615183665007, 317630000000, 
0.14007538391657448, -0.10553409429939246, 0.030973137946040553, 317698000000, 
0.12415522900869913, -0.0954361468631415, 0.027801112399527678, 317800000000, 
0.11371141268639251, -0.08787990410060657, 0.02519613504077774, 317902000000, 
0.08914775486765825, -0.11669158047013628, 0.021800959770849993, 317970000000, 
0.10083760048671175, -0.042912707332269186, 0.0202464512027175, 318072000000, 
0.09433949233307004, 0.017305791551372646, 0.018954989845829336, 318140000000, 
0.08024239580394932, -0.06865068227587479, 0.018361299241582075, 318242000000, 
0.07134957383304341, -0.07663306166675543, 0.016395430798004186, 318310000000, 
0.06707067633723263, -0.043905731555722305, 0.014577509731615023, 318378000000, 
0.06089488870799098, -0.03484895041684144, 0.0132876759252178, 318446000000, 
0.04806771076280958, -0.06334321858141016, 0.011735551720535545, 318548000000, 
0.0565700576483632, -0.014416103532092587, 0.011035510474610917, 318616000000, 
0.052638356342753045, 0.015235485266478221, 0.010485074983595055, 318684000000, 
0.047586726804888624, -0.029944436144915265, 0.010453009386400324, 318752000000, 
0.04034564836924215, -0.040975693245036325, 0.009371382101125588, 318854000000, 
0.038074920412565216, -0.03170602130774469, 0.008400486372446399, 318888000000, 
0.0336135441118004, -0.022440347524805837, 0.007468940859573851, 318990000000, 
0.027534858139114604, -0.03513354091150204, 0.006614888177565348, 319058000000, 
0.022412177325334515, -0.03733788928821961, 0.005570705305083301, 319126000000, 
0.01696456320268469, -0.03523431645476638, 0.004460773244475587, 319228000000, 
0.02322901556864343, 0.00272279414436305, 0.004173717073110842, 319296000000, 
0.020425515924094917, 0.011536509071367421, 0.004041272979694869, 319364000000, 
0.01748817868117758, -0.0191361229582195, 0.0040761806782610615, 319466000000, 
0.016357444665275, -0.013560237529399721, 0.0036180759513698333, 319534000000, 
0.015442691976500278, -0.006818289015591006, 0.003285887688196857, 319602000000, 
0.014643333840138606, -0.005713702750454648, 0.0030962313654609255, 319670000000, 
0.010969587021484983, -0.014910349850050983, 0.0027370408558749244, 319772000000, 
0.00884100747750205, -0.019341087875455187, 0.002296928555941709, 319840000000, 
0.00813193609994789, -0.009458836405123646, 0.0018628353732623281, 319908000000, 
0.011351149398249216, 0.008367139735823889, 0.0018882728650466104, 320010000000, 
0.010068764626879556, 0.006456095089772222, 0.0019701233416717775, 320078000000, 
0.008894938008779274, -0.00818737129823314, 0.0020209901355938698, 320180000000, 
0.008613918811282595, -0.004849486051989871, 0.0018385080964627616, 320248000000, 
0.008084289868608874, -0.0027021604672346675, 0.001706209779244716, 320350000000, 
0.0062091461266100545, -0.008015908948908468, 0.0015271569871001015, 320452000000, 
0.004748975593311666, -0.011117714250990693, 0.0012694941059020397, 320554000000, 
0.004339141717562445, -0.006233348030158699, 0.0010198175624989442, 320622000000, 
0.00352083695947103, -0.004093795446135455, 0.0008405969513563426, 320690000000, 
0.005969470839974456, 0.005434430408040036, 0.000921963301133862, 320758000000, 
0.005283789756396651, 0.005876509323085403, 0.0009849398370561425, 320860000000, 
0.005126488398514262, -0.0028099414715339797, 0.0010919832663256912, 320894000000, 
0.0049559921062503065, -0.0010926588338211474, 0.001024418017410748, 320996000000, 
0.004701719326680287, -0.0014158969061132491, 0.0009856133220963238, 321064000000, 
0.003986554576480117, -0.003231458432567299, 0.000909617733960714, 321166000000, 
0.0033867125060504932, -0.00438335606876598, 0.0008049990939473931, 321234000000, 
0.002770477884146416, -0.0040535889744456695, 0.0006762496644451351, 321302000000, 
0.0021880721605849196, -0.003995467818218579, 0.0005563508367187886, 321404000000, 
0.0036009815265316547, 0.002768345474617462, 0.0005706354380841993, 321472000000, 
0.003115161223422813, 0.003090296876126312, 0.0005936143273692925, 321574000000, 
0.0029318882077062902, -0.002230311062751215, 0.0006432020638440505, 321642000000, 
0.0028147016237221045, -0.0010015319990023623, 0.0005907834036567472, 321710000000, 
0.00270506252869529, -0.0007560855967033339, 0.0005634434906749123, 321778000000, 
0.002585810889838225, -0.0007629691129462657, 0.0005403716694837079, 321846000000, 
0.0019417744291332362, -0.002544293665206846, 0.0004821765231777834, 321948000000, 
0.0015300418486554612, -0.0035192301372758785, 0.00040384181117512815, 322050000000, 
0.0012879002332670808, -0.0021795806528871844, 0.00031731443407038523, 322118000000, 
0.17209026038318287, 0.568534061781758, 0.011660546831007028, 322186000000, 
0.1804658702038271, 0.5972598999018667, 0.023589602054685136, 322288000000, 
0.18667599608936358, 0.048619119020602376, 0.03594880844509157, 322356000000, 
0.19334812648057698, 0.04294085425583294, 0.037365999518251175, 322424000000, 
0.20442909011609256, 0.05917698008909659, 0.038963547512402205, 322526000000, 
0.162932297762985, -0.10138609572530655, 0.03738063429064364, 322594000000, 
0.14566248775871804, -0.19588867452458172, 0.03420159170918637, 322662000000, 
0.10835986908313533, -0.18190809559949894, 0.027796976973655893, 322764000000, 
0.015737617679217664, -0.43308290026500124, 0.017983998301404736, 322832000000, 
-0.0062963749979929595, -0.38218748027042765, 0.007853407450957335, 322900000000, 
-0.03642695857980138, -0.17388192086339682, -0.0017990477265717785, 323002000000, 
-0.050004362194423724, -0.14569329065476921, -0.006181846384814537, 323070000000, 
-0.06610821405759593, -0.09893751825931514, -0.010169302322121402, 323172000000, 
-0.06875417767332204, -0.06249938492966104, -0.012324450261689445, 323206000000, 
-0.05512658048535224, 0.036605445240812294, -0.012665931481084679, 323308000000, 
-0.048034041102700265, 0.06906712190207258, -0.01146098661742497, 323376000000, 
-0.04169170644835507, 0.044782913456657227, -0.009656821869093838, 323444000000, 
-0.029495458888147308, 0.06179527404850985, -0.007948080429280175, 323546000000, 
-0.06301964198019139, -0.07109311843945439, -0.008947120487779583, 323648000000, 
-0.059845370596560254, -0.10116637236137649, -0.010157364764326597, 323716000000, 
-0.05800747564866171, 0.016707221105098924, -0.012058165881694224, 323784000000, 
-0.056701375753390515, 0.010479982810565799, -0.011636948133240833, 323852000000, 
-0.05638072181727605, 0.005422512771285544, -0.011405971547955219, 323954000000, 
-0.05479553962243955, 0.006352787103169888, -0.011191842479540408, 324022000000, 
-0.06844464294548347, -0.040213070427358076, -0.011974726959013271, 324090000000, 
-0.06092971691292881, -0.020447257634964206, -0.012277993298723455, 324192000000, 
-0.056775194118503514, 0.03889816275659985, -0.01240997026512772, 324260000000, 
-0.05021912374693782, 0.03570197721996996, -0.011194935651891343, 324362000000, 
-0.045751793189131806, 0.03674466976457236, -0.010183074070304877, 324430000000, 
-0.03620905160404231, 0.04670024047631838, -0.008811997902674128, 324532000000, 
-0.03860535365007767, 0.023821465130180464, -0.008037746562883452, 324634000000, 
-0.03452848734131653, 0.005601880875752603, -0.0072895261730291, 324702000000, 
-0.02886463865556621, 0.032469049981704856, -0.006799898643130693, 324804000000, 
-0.025524855050378825, 0.030012107636459007, -0.005927865403150771, 324872000000, 
-0.023394458046912092, 0.018233935362180393, -0.005185596783523808, 324940000000, 
-0.02087645476727573, 0.015494667610343646, -0.00465305119097111, 325008000000, 
-0.017654245306887084, 0.019134042466750028, -0.004128343874738327, 325076000000, 
-0.013166644590973053, 0.02569936725434226, -0.003446489644342391, 325178000000, 
-0.011756217114284429, 0.019660093975342186, -0.0028384738008096376, 325246000000, 
-0.014735732164740778, -0.005230291912559082, -0.002643906257999884, 325348000000, 
-0.012477758003693662, -0.002405136298030778, -0.0025979804855145914, 325450000000, 
-0.011427405990218631, 0.011027753915073824, -0.0025760597439102046, 325518000000, 
-0.010723357795277888, 0.0058480006947192464, -0.0023085681192793455, 325620000000, 
-0.010115181269878537, 0.004374082401133646, -0.00215106300369167, 325688000000, 
-0.008673274658242303, 0.0068336104567852845, -0.0019674542482265816, 325756000000, 
-0.007304028918431182, 0.009370507838157849, -0.0017394989897701347, 325824000000, 
-0.005897725051188019, 0.00925183202351428, -0.0014583352418574337, 325926000000, 
-0.004611041974732721, 0.008976623145661536, -0.0011875197296234614, 326028000000, 
-0.006976458778753525, -0.0035957790918850208, -0.0011656817203116177, 326096000000, 
-0.006111065568991325, -0.005000078647528679, -0.0011799044214985048, 326198000000, 
-0.005729287220583412, 0.004157238527233709, -0.0012544541045552175, 326266000000, 
-0.005346974862977305, 0.0025469690200467334, -0.0011458218435034695, 326368000000, 
-0.005198539667661262, 0.001769158509740502, -0.0010849867834147986, 326436000000, 
-0.004479063530531402, 0.002893037774819677, -0.0010016385374113312, 326504000000, 
-0.003820035234212593, 0.004595014778162228, -0.0008998425621603505, 326572000000, 
-0.0030769799970067346, 0.004673611778415558, -0.000758405250783382, 326640000000, 
-0.0026820373818767784, 0.003793326174452716, -0.0006386035075397404, 326708000000, 
-0.0037712392208399947, -0.0023141974127775336, -0.0006353504399815672, 326810000000, 
-0.00334656080188811, -0.002215078066704438, -0.0006533224936403256, 326878000000, 
-0.003007076135979503, 0.0025472102828683063, -0.0006749917439138405, 326946000000, 
-0.00279381500971132, 0.0018424859739226325, -0.0006098301298385955, 327014000000, 
-0.0026865411926890737, 0.0010684498109680973, -0.0005658288225586597, 327082000000, 
-0.0024296423290852687, 0.0012139089354201715, -0.0005273332354323775, 327184000000, 
-0.0019413668628533998, 0.0024839144327855798, -0.0004705033589751828, 327252000000, 
-0.0016700477456481622, 0.002531981944790355, -0.00040273712917245536, 327320000000, 
-0.0013663729720438944, 0.0019166463026983511, -0.0003318525053696971, 327422000000, 
-0.002174192129750896, -0.0016804812803424458, -0.00034737418982953014, 327490000000, 
-0.001965040611967339, -0.0019955587997448157, -0.0003670403809174753, 327558000000, 
-0.0018116874056457455, 0.0012083490803505015, -0.00039672800982426537, 327626000000, 
-0.0017395955542562902, 0.0007514835257034965, -0.00036775490479129167, 327694000000, 
-0.0016689857004834607, 0.0004756723505409492, -0.0003480179106923664, 327762000000, 
-0.0015418656557755206, 0.0006590996616025654, -0.0003300297940343514, 327864000000, 
-0.001162157044852119, 0.0016894288521044725, -0.00029153389340740666, 327966000000, 
-0.0010112846977934353, 0.0017686031932736175, -0.0002476871598947383, 328034000000, 
-0.0007959188804864681, 0.0012207938812188364, -0.00019795737487546817, 328136000000, 
-0.0011808972622704417, -0.0005653752149233545, -0.00019920672270335634, 328238000000, 
-0.0010638174560382296, -0.0008929952518392051, -0.00020270890658634263, 328306000000, 
-0.0010029143177212596, 0.0005932764818306069, -0.0002165086024019954, 328374000000, 
-0.0009419297315345077, 0.0004062924150124066, -0.00020057743368626647, 328476000000, 
-0.0009152582133071796, 0.00029218701471360003, -0.00019067348417086313, 328544000000, 
-0.000861215947158378, 0.0002690459479204321, -0.00018122692613333768, 328612000000, 
-0.000715615846074602, 0.0006654745574419252, -0.00016613933376934397, 328680000000, 
-0.0006216339025351125, 0.000798606815410885, -0.00014656437971787283, 328748000000, 
-0.0005124735147004067, 0.0006771411045806511, -0.00012331488422067475, 328850000000, 
-0.000775263824364103, -0.0005120997394299683, -0.0001272914161066415, 328918000000, 
-0.000639550292826474, -0.00042358926042022443, -0.0001284858421260656, 329054000000, 
-0.0006049052198475735, 0.0005678620150550984, -0.00013464795580254337, 329122000000, 
-0.0005745302947910425, 0.0002167333267847719, -0.00012126572049767266, 329190000000, 
-0.0005191016796648462, 0.000286011800609091, -0.00011323581295356415, 329292000000, 
-0.0004152915676738367, 0.0005307957570573526, -0.00010059490280864835, 329360000000, 
-0.0003424908074562971, 0.0005887029073618303, -8.512560365299866e-05, 329428000000, 
-0.00027869015489789817, 0.0004553380425864617, -6.909816866853546e-05, 329496000000, 
-0.0004023229901761738, -0.00019944060906625558, -6.823359683535793e-05, 329598000000, 
-0.00035913743930349185, -0.00026815761468531224, -6.934337229183758e-05, 329666000000, 
-0.00032244531849734415, 0.0002662589055960988, -7.226038319846732e-05, 329734000000, 
-0.00030684042682338486, 0.00017432337493368996, -6.589487897494806e-05, 329802000000, 
-0.00028899192609088686, 0.00011151130802152427, -6.121851142744106e-05, 329904000000, 
-0.00024093330090746434, 0.00021969041971973505, -5.578437692144907e-05, 330006000000, 
-0.00020331913573823357, 0.00028557596784217765, -4.8882957515772316e-05, 330074000000, 
-0.00017747453713079508, 0.00021152921258889754, -4.144846491843287e-05, 330142000000, 
-0.00014020477370513262, 0.00021038120677700314, -3.473322977161075e-05, 330244000000, 
-0.00022885435064701198, -0.00017126604505405632, -3.643557743219598e-05, 330312000000, 
-0.00020653768549205864, -0.00022110970595642007, -3.8373120656280214e-05, 330380000000, 
-0.00018989130322832892, 0.00012987682472894355, -4.1685555957826635e-05, 330482000000, 
-0.00017628708157779727, 0.00010083534638087126, -3.818107135321232e-05, 330584000000, 
-0.0001713200411681548, 6.190420686724707e-05, -3.58332283982854e-05, 330652000000, 
-0.0001457352364191422, 0.00010183948386218351, -3.2889490611006285e-05, 330720000000, 
-0.00011028011307567809, 0.00020346642697492237, -2.848902604419834e-05, 330822000000, 
-9.44808467702174e-05, 0.00017084796549641604, -2.3366413084335848e-05, 330890000000, 
-0.00013709060417088637, -8.936830365069426e-05, -2.2790104267785456e-05, 330992000000, 
-0.0001238573312201119, -9.792161483298163e-05, -2.369525214408104e-05, 331060000000, 
-0.00011285143636152739, 8.079722603119659e-05, -2.4919958116835043e-05, 331128000000, 
-0.00010264274311611032, 7.071529368000522e-05, -2.262343404651664e-05, 331230000000, 
-9.902964611452347e-05, 4.6072634156679726e-05, -2.096825503947741e-05, 331298000000, 
-9.27870339846315e-05, 3.285236377159606e-05, -1.963062821435102e-05, 331366000000, 
-6.33619230474558e-05, 0.0001188924102235589, -1.701190687644072e-05, 331502000000, 
-5.9268900385323064e-05, 0.0001117271119976948, -1.4361190494494025e-05, 331536000000, 
-4.676473455589303e-05, 5.5323961638542585e-05, -1.1293037199244793e-05, 331638000000, 
-7.350990538323998e-05, -4.747001665972306e-05, -1.1969569354963739e-05, 331740000000, 
-6.192818512040787e-05, -5.054483521504949e-05, -1.2146855003969392e-05, 331842000000, 
-5.9634401132324655e-05, 4.6251680836384423e-05, -1.30048327757315e-05, 331910000000, 
-5.70638486352415e-05, 1.6214454950554586e-05, -1.1908428992531602e-05, 331978000000, 
-5.388018515040116e-05, 1.918071993974498e-05, -1.137189566119782e-05, 332080000000, 
-4.1254411133007096e-05, 5.2698125007448006e-05, -1.014656299457665e-05, 332182000000, 
-3.127454693263587e-05, 7.535212739255097e-05, -8.427276214402942e-06, 332284000000, 
-2.4040240564016102e-05, 5.7380568563303314e-05, -6.437946575310604e-06, 332386000000, 
0.1696733770261969, 0.5656821719104318, 0.011307870815913348, 332454000000, 
0.17534597851273936, 0.5845667291776779, 0.02299968768655815, 332522000000, 
0.18458990190208224, 0.0497217495862845, 0.03530728382940123, 332624000000, 
0.19130518861050483, 0.053197366992551544, 0.03674940460168843, 332692000000, 
0.198520150350332, 0.04643416149416583, 0.03829434939086127, 332760000000, 
0.20101361286350494, 0.03236141417666705, 0.039389263454956115, 332828000000, 
0.1563793018302948, -0.14046949506679063, 0.037060871002942114, 332930000000, 
0.13199764045607765, -0.230053241358091, 0.03262603700999182, 332998000000, 
0.11921938267276566, -0.1238663971917638, 0.027173088330609208, 333066000000, 
0.23269173501827067, 0.33564698187397674, 0.032260583876474264, 333168000000, 
0.2170433590311318, 0.3260799211945538, 0.037930298448144543, 333236000000, 
0.20449109887289163, -0.09400212048459682, 0.04361507952815294, 333338000000, 
0.20275617647197786, -0.04762394186384652, 0.041619375625066755, 333406000000, 
0.20065054847360742, -0.012801834664280717, 0.04052652158789846, 333508000000, 
0.17305731949727798, -0.09899618991566624, 0.03843093629619088, 333576000000, 
0.1509394687737533, -0.1657035989995137, 0.034976489116309246, 333644000000, 
0.1191694678533457, -0.17962617214644094, 0.029544417074958466, 333746000000, 
0.19340745215023158, 0.14155994458826093, 0.030901092585155374, 333848000000, 
0.180489635936099, 0.20440056027584438, 0.032871103729311756, 333916000000, 
0.17046062665544603, -0.07648941831595184, 0.03629051431611844, 333984000000, 
0.1651343324356529, -0.05118434500148705, 0.034405639668479863, 334052000000, 
0.1612255013735675, -0.030783750939595105, 0.03312136403097776, 334120000000, 
0.15196550700965172, -0.04389608475333725, 0.03188835605459148, 334222000000, 
0.17611161232706385, 0.04962036984498782, 0.032620174714018874, 334290000000, 
0.1628027387898694, 0.0361241059340589, 0.03272532387510566, 334358000000, 
0.15432772863695332, -0.07261294563370176, 0.03288280531692577, 334426000000, 
0.13668545367672325, -0.08705761704382049, 0.030254394740236397, 334528000000, 
0.12105945560940423, -0.11089424342516363, 0.027471509194872054, 334630000000, 
0.10587944846436059, -0.10268668404120884, 0.024241623850032538, 334698000000, 
0.08615692009008846, -0.1163417850643859, 0.020873054944256886, 334800000000, 
0.0758039054825046, -0.10025180993951999, 0.017856018269130244, 334868000000, 
0.06240552632145846, -0.07917131256210001, 0.014957756792936767, 334970000000, 
0.05517684899482056, -0.06875685495894679, 0.012892418719918907, 335038000000, 
0.046839867654268286, -0.051885528890633914, 0.010961482864703154, 335140000000, 
0.043777485256819126, -0.03799787912667144, 0.009719613460393864, 335208000000, 
0.041353857005974604, -0.01828670216097894, 0.008798080661137467, 335276000000, 
0.03970090461713616, -0.013588602132276565, 0.008322149791995326, 335344000000, 
0.039349693350526405, -0.006680545518160663, 0.008026963664909145, 335446000000, 
0.04108182311938835, 0.0046030616741739765, 0.00800882807247006, 335548000000, 
0.04572078682548675, 0.02123697824986781, 0.008410153553026767, 335650000000, 
0.05150417791529094, 0.03474118265300863, 0.00922045252401107, 335718000000, 
0.07066175496418658, 0.0831365604623328, 0.011192447980330951, 335820000000, 
0.10305397055817256, 0.17183264214293872, 0.015014660229176672, 335888000000, 
