acc_x, acc_y, angular_z, stamp, 
0.9240497350692749,-0.04219698905944824,0.09349506372332833,383375590,
1.5626500844955444,-0.13152223825454712,0.045557277687459846,403186899,
1.584173560142517,-0.13506364822387695,0.01042070091779792,413265300,
1.009684443473816,-0.19323742389678955,0.014628995062594198,423312713,
0.8415012359619141,-0.249772846698761,0.02059784392646664,433279186,
1.1933715343475342,-0.40125733613967896,0.017901060291501975,444141831,
1.1492459774017334,-0.26032429933547974,0.01546937947144528,453264120,
1.0056164264678955,0.06601536273956299,0.005035539595041528,463319345,
1.2089790105819702,0.31565922498703003,-0.0031507614324322317,476015498,
1.3799887895584106,0.3393629789352417,-0.017089279866577434,483347382,
0.9050564765930176,0.24812328815460205,-0.009820100023721039,493354687,
0.44754695892333984,0.2196618914604187,0.0030064244942387968,503404789,
0.3905147314071655,-0.033528149127960205,0.009485138516415482,513384000,
0.10271763801574707,-0.3010590672492981,0.006780196497723793,524179782,
0.5243369340896606,-0.22022229433059692,0.005589918839327599,533402774,
1.3768397569656372,0.164176344871521,0.027714541692107825,555776264,
1.004940390586853,-0.23385143280029297,0.05327929347149709,563430296,
0.495336651802063,-0.4012848734855652,0.02937019693700941,573551487,
1.091356873512268,0.5928548574447632,-0.016716693078887748,593501502,
1.2037042379379272,-0.570287823677063,-0.012630807010283043,613514676,
0.6524935364723206,0.031222105026245117,-0.0033516988784311,643549130,
0.6607133150100708,-0.7934423089027405,0.011462493338826676,652586404,
0.9627411961555481,-0.40549665689468384,0.014535164607059128,662662037,
0.9171985983848572,0.5304158329963684,0.004161770650734026,673603446,
0.9325973987579346,0.09813594818115234,-0.005934636512339096,683758414,
0.9033580422401428,-0.3654510974884033,-0.014147449670414343,693638081,
0.6502542495727539,0.20701032876968384,-0.017710717995215227,703612791,
0.8868274092674255,0.34489667415618896,-0.015865630507470186,715713038,
1.1561670303344727,0.15038561820983887,-0.032194678405907756,723698247,
0.9354639649391174,0.22134608030319214,-0.024060869855722405,733759903,
1.1010591983795166,-0.3061303496360779,-0.00869236589681786,743771257,
0.8722192049026489,-0.4489755630493164,0.0003817979702053969,753762378,
0.1324729323387146,0.16764914989471436,-0.009857219397817727,764181000,
0.3035447597503662,0.02989274263381958,-0.03207589947868666,773868032,
0.4182979464530945,-0.2580872178077698,-0.0469957846696663,783780999,
-0.09283709526062012,-0.19862574338912964,-0.03845127482954426,795724731,
0.21901285648345947,-0.13124698400497437,-0.05207458727225453,803801310,
0.5785375237464905,0.3199535012245178,-0.0550806087455402,812905082,
-0.1301562786102295,0.2914825677871704,-0.04766641174496735,823882773,
-0.12285852432250977,-0.0661666989326477,-0.047303079111697705,833945470,
0.3063657283782959,-0.26590728759765625,-0.03224736837183351,854208815,
0.026143312454223633,0.05758368968963623,-0.021902560361493677,863997344,
-0.2191062569618225,-0.0004814267158508301,-0.01552903222618735,875714552,
-0.21440798044204712,-0.16937333345413208,-0.017250340586723863,884045429,
-0.2923012971878052,0.1711786389350891,-0.02347609576001276,894020901,
0.3871151804924011,0.184678316116333,-0.03551555606277715,904203320,
0.4977569580078125,0.37636125087738037,-0.054405445469485336,914102440,
-0.11849457025527954,-0.36692190170288086,-0.0594461635638265,924447684,
-0.10945439338684082,-0.42448121309280396,-0.047512858782334126,934013241,
-0.21957194805145264,-0.12227040529251099,-0.029365021878834,944052498,
0.1128319501876831,-0.012466609477996826,-0.017687004685513714,956507779,
0.8716263175010681,0.016993582248687744,-0.038186126849829985,964060454,
0.31487125158309937,-0.20248472690582275,-0.055419752275849984,974274730,
-0.10904192924499512,-0.10224145650863647,-0.07632173294040678,984115677,
-0.019775331020355225,0.23315417766571045,-0.0768242556084992,994085531,
-0.18922805786132812,0.16799944639205933,-0.0790351892658936,4138329,
-0.4273759722709656,-0.12247645854949951,-0.07181884153807348,14094183,
-0.05190920829772949,-0.2080754041671753,-0.060280362130656205,24118212,
0.13493788242340088,-0.3133013844490051,-0.040693420679549126,36087313,
0.2962554693222046,-0.047213971614837646,-0.04038313993175226,44134331,
-0.14220380783081055,0.23757696151733398,-0.031604085925434296,54243212,
-0.44157838821411133,0.06333649158477783,-0.036972457696198,64185206,
-0.3852694034576416,0.2669987678527832,-0.03831499106159866,74243777,
-0.40406155586242676,-0.1094178557395935,-0.04450151610481625,84469410,
0.5360384583473206,-0.4930446743965149,-0.046739655588184416,94181809,
0.8663562536239624,0.30173027515411377,-0.040589237545738066,104178794,
0.08788895606994629,-0.17272812128067017,-0.034273018609423826,124237658,
-0.484319269657135,0.06925171613693237,-0.02876108172697043,134242365,
-0.4053928852081299,-0.26264744997024536,-0.032529723641063935,144369531,
0.17773830890655518,0.424086332321167,-0.03381063918702222,154433237,
-0.07152700424194336,0.2982197403907776,-0.04614056880163834,164269685,
0.13487225770950317,-0.5882935523986816,-0.05075772190961903,174268882,
-0.010272800922393799,-0.10517299175262451,-0.0456496989613626,184339795,
-0.19036144018173218,-0.21870237588882446,-0.036866178801900594,196226489,
-0.09104496240615845,-0.24247437715530396,-0.037573536754692265,204470763,
0.1971380114555359,0.5460613965988159,-0.02661213127520843,214343584,
0.11476349830627441,-0.5472469329833984,-0.027637827115912943,224415154,
0.06775641441345215,0.09540396928787231,-0.02364798912655711,234376267,
-0.07365012168884277,0.449357271194458,-0.03570993949843624,244397569,
0.19607573747634888,-0.19161689281463623,-0.050873734003141075,254365639,
0.17977195978164673,0.34674739837646484,-0.057401661005454005,264428777,
-0.11272543668746948,-0.4198312759399414,-0.04721906578394376,276212748,
-0.17765545845031738,-0.6011580228805542,-0.03910952591636145,284428914,
-0.0033007264137268066,0.5540130734443665,-0.02145352140406012,294458560,
-0.16100722551345825,-0.2930815815925598,-0.024609050517337742,304517142,
0.17854899168014526,-0.24690228700637817,-0.01933942875204837,314530722,
-0.15052646398544312,0.2195410132408142,-0.02304186993187169,324549428,
-0.07709157466888428,-0.10543930530548096,-0.03274918746144764,334510458,
0.2542682886123657,0.7813835144042969,-0.04704947829300852,344522257,
-0.11986160278320312,-0.3755802512168884,-0.05940625660933195,355774354,
0.033145129680633545,-0.4966328740119934,-0.0772466598759356,364561455,
0.11042565107345581,0.29758912324905396,-0.06823801415430555,373569873,
-0.31904053688049316,-0.38194406032562256,-0.04001054763863816,387065576,
-0.5083856582641602,0.2761644124984741,-0.05609789222393649,394611523,
-0.032726824283599854,-0.09147417545318604,-0.03846211607875955,404642335,
0.0922539234161377,-0.5902535319328308,-0.030032627895938566,414621705,
0.3439059257507324,0.7215368747711182,-0.03295515884895566,424676051,
-0.03675729036331177,0.05075514316558838,-0.039461316127979915,435802609,
-0.16697484254837036,-0.0644029974937439,-0.04648844997524576,444694706,
-0.24911409616470337,0.02120840549468994,-0.03534067973371417,454752168,
-0.22874820232391357,-0.8778676986694336,-0.010974663862662033,467189272,
0.4032992124557495,0.3722907304763794,0.006727615383717035,474714047,
0.4842885732650757,0.2047402262687683,-0.008705024197901616,484783773,
0.2784130573272705,-0.3993019461631775,-0.02578513604383301,494778768,
0.3320378065109253,0.42648136615753174,-0.03633010091883548,504801392,
0.0652010440826416,-0.1935734748840332,-0.04361810269467501,515953366,
-0.10975515842437744,0.1203036904335022,-0.060816982279767125,524835466,
-0.01858043670654297,0.307300329208374,-0.054034269441979886,534839773,
0.11572408676147461,-0.5601264238357544,-0.034735512997256725,547487511,
0.1663638949394226,0.05053001642227173,-0.044419844062546496,554831416,
-0.04723548889160156,-0.24857056140899658,-0.028090046307303593,564877361,
-0.2874488830566406,0.004105687141418457,-0.02597448540821913,573927445,
-0.5306384563446045,0.875265896320343,-0.030098656495147903,583902121,
-0.1813119649887085,-0.5059605836868286,-0.030353848663376586,596439659,
0.3563964366912842,0.02790302038192749,-0.04978254341579461,604946647,
0.6504281759262085,0.06809675693511963,-0.05215419799267231,614874828,
0.21712177991867065,-0.29461437463760376,-0.04291943743631619,628058423,
-0.17083710432052612,0.5791493654251099,-0.08588631607432551,634961901,
-0.4191700220108032,-0.7524405717849731,-0.05334347541599684,644956364,
-0.5366418957710266,-0.13353216648101807,-0.0447714401783361,654966219,
-0.23005986213684082,0.5655918121337891,-0.04414363387975739,665220840,
-0.06229090690612793,-0.24527567625045776,-0.041319987768452346,675808468,
0.10719895362854004,0.6794198155403137,-0.05172260420255788,685119696,
-0.050989508628845215,-0.2649872899055481,-0.04775814560818496,695075492,
-0.298279345035553,-0.5141487717628479,-0.029238203673902077,707333809,
-0.30034536123275757,0.4965307116508484,-0.0424729908157509,715140641,
-0.1792910099029541,-0.43321627378463745,-0.02840756967879936,725130175,
0.3211243748664856,0.3963624835014343,-0.02995578682236609,735178343,
0.12583357095718384,-0.010156989097595215,-0.03848316276703492,745318678,
0.003005802631378174,-0.8515759706497192,-0.029980975900603356,755794751,
-0.1333068609237671,0.7215566039085388,-0.028655626389313474,765853663,
-0.16276025772094727,0.2984580397605896,-0.030023525855711854,775303737,
0.2646273374557495,0.17943710088729858,-0.020587717840327528,788348051,
0.17495834827423096,0.0971297025680542,-0.04058214309142411,796017561,
-0.06180936098098755,0.39956527948379517,-0.018236188904692183,805998908,
-0.12525123357772827,0.42325901985168457,-0.01293955748884248,815942845,
-0.2324097752571106,-0.4814299941062927,-0.022725742281681012,824932909,
-0.20216691493988037,0.08447754383087158,-0.019181343679075827,835875518,
-0.20453506708145142,-0.34262001514434814,-0.030188314545767717,845810791,
0.24965053796768188,0.3045732378959656,-0.04256708881357556,855855352,
0.5958223938941956,0.469707190990448,-0.04826465202603327,868139745,
0.33563804626464844,-0.5874643325805664,-0.09677884309593285,875861697,
-0.14439266920089722,0.11258310079574585,-0.06934772595493094,885864599,
-0.31805676221847534,-0.10005348920822144,-0.05954644330563354,895886857,
-0.3597726821899414,0.011845171451568604,-0.05125411670218401,906076904,
-0.34481585025787354,0.33070188760757446,-0.04570013206553368,916247475,
-0.02655118703842163,-0.5006948113441467,-0.04604631458077808,925880827,
0.27376389503479004,-0.062058091163635254,-0.03474106723145056,936019743,
-0.01506572961807251,0.47664135694503784,-0.025653020057946438,948100571,
-0.03378713130950928,-0.02362114191055298,-0.038767515328198,954910210,
0.226140558719635,0.23651134967803955,-0.010350695463407517,965974274,
-0.01971679925918579,-0.3018912672996521,0.0017099498427544774,975946660,
0.1133689284324646,-0.44302064180374146,0.01394254884729357,984896104,
0.41734451055526733,0.2008947730064392,0.008104367989266888,995991695,
0.17748123407363892,0.12934911251068115,-0.014611368062112842,5887260,
-0.1865140199661255,0.11606776714324951,-0.03081503361788205,16049992,
-0.3997366428375244,0.07157248258590698,-0.03735466111309959,28032868,
-0.13070619106292725,-0.31642210483551025,-0.06597786978445118,35961220,
0.005293905735015869,0.2787168622016907,-0.052997939602690086,45950904,
0.3166481852531433,-0.028857290744781494,-0.06837304167469521,54934950,
0.23439127206802368,-0.4910135865211487,-0.04870211848263219,66207915,
-0.10530811548233032,0.052827298641204834,-0.04175725329707274,76030478,
-0.08464056253433228,-0.06886118650436401,-0.0429314948566387,85959042,
-0.18549156188964844,0.2777917981147766,-0.047382602864902215,95982291,
-0.3844956159591675,0.24365204572677612,-0.04620764284524144,108633319,
0.03983026742935181,-0.692286491394043,-0.08683335146312923,115952921,
0.7827005386352539,0.02653193473815918,-0.05529573613221832,125984327,
0.47503018379211426,0.4228753447532654,-0.05326365772704135,135984724,
-0.29703855514526367,0.1392415165901184,-0.05228932609882197,145974356,
0.10032165050506592,0.12473058700561523,-0.04350075272633641,156167356,
-0.26302677392959595,-0.2813590168952942,-0.0372452733049324,164935644,
-0.0015317797660827637,-0.02420443296432495,-0.019621499252987583,176072441,
0.13636207580566406,0.2389499545097351,-0.019810407028689598,188131098,
-0.15531277656555176,0.08447712659835815,-0.04305441023268127,196051684,
-0.16596555709838867,0.12241029739379883,-0.03764761660999021,205988101,
-0.3974117636680603,-0.29342764616012573,-0.03787590508688916,216047629,
-0.13947319984436035,-0.5043206810951233,-0.031176634375606926,226019772,
-0.012008190155029297,0.10350793600082397,-0.02456330747866436,236092409,
0.0683254599571228,0.12925875186920166,-0.02800863803644447,246011484,
0.23816823959350586,-0.08137661218643188,-0.022923624797840898,256109280,
-0.23242467641830444,0.08591991662979126,-0.013705102731646511,268352247,
-0.29601699113845825,-0.2935851216316223,-0.023010296926379455,276042988,
0.11075979471206665,0.29160356521606445,-0.02073679365167443,285867632,
0.12561661005020142,0.4923411011695862,-0.04023481619894609,294917604,
0.34385204315185547,-0.10292339324951172,-0.051812287091623124,304925915,
0.23613178730010986,-0.24078190326690674,-0.0413851720780412,316171582,
-0.05959516763687134,-0.024988830089569092,-0.03192904413216466,324901463,
-0.46161335706710815,-0.10653358697891235,-0.006381343436295136,335959808,
-0.18568158149719238,-0.0025861263275146484,0.0003155699800137305,348429740,
0.2873935103416443,0.08645236492156982,-0.01091888677007344,355946230,
0.49517011642456055,-0.1046866774559021,-0.023475863038701226,366224089,
0.24732708930969238,-0.06200653314590454,-0.04684320435394078,376016210,
0.05160433053970337,-0.08755546808242798,-0.0658996657156357,386040468,
-0.1571669578552246,0.12283021211624146,-0.07397816798443192,396035919,
-0.15227293968200684,0.22461742162704468,-0.07701471661406484,406003262,
-0.15091681480407715,-0.09980261325836182,-0.06749018257752586,416048379,
0.05838662385940552,-0.0945320725440979,-0.037412991881190495,428048017,
0.03178763389587402,-0.041629791259765625,-0.030035802217294277,436073173,
0.06596910953521729,-0.05566573143005371,-0.01603415359123364,446098704,
0.030752599239349365,0.2432810664176941,-0.022416727239728266,456117296,
-0.26866936683654785,-0.18826228380203247,-0.03038223842793668,466148038,
-0.007929086685180664,0.12853902578353882,-0.038211225040442935,476366766,
0.008496999740600586,0.19221925735473633,-0.04831669483851236,486117127,
0.157728910446167,-0.24175024032592773,-0.0458012846208706,496182088,
0.06041157245635986,-0.18949633836746216,-0.032339903454326906,508109245,
-0.11996233463287354,-0.22861075401306152,-0.03250458325857323,516175640,
-0.25298893451690674,0.07619142532348633,-0.02171744210692984,526278368,
-0.13128995895385742,0.4458274841308594,-0.03282020447367779,536228848,
0.35513150691986084,-0.1619979739189148,-0.043913090608404926,546221266,
0.32085174322128296,-0.0928310751914978,-0.04659208010655983,556319928,
-0.19967418909072876,-0.07787758111953735,-0.04027992378966162,566263803,
-0.06750112771987915,0.029124319553375244,-0.03477706504042787,576266478,
-0.12187057733535767,0.23302286863327026,-0.03147278561393253,588160317,
-0.24603641033172607,-0.36404937505722046,-0.03923927096675519,596327634,
0.05375874042510986,-0.04202735424041748,-0.024985491541346504,606401840,
0.15486252307891846,0.6358487010002136,-0.023162450636290594,616386189,
0.0942533016204834,-0.05802565813064575,-0.024272231837994297,626377493,
0.24407446384429932,-0.11189138889312744,-0.0347471330960833,636417250,
0.3958684206008911,-0.4907381534576416,-0.039541892417798284,646393400,
0.20487689971923828,-0.14577025175094604,-0.04515707663811121,656408862,
0.040526628494262695,0.748839259147644,-0.04721292590660388,668706121,
-0.2276330590248108,-0.21056151390075684,-0.07914462125643544,676452453,
-0.038928985595703125,-0.0021510720252990723,-0.05511852528652112,686613003,
-0.13612604141235352,-0.18584847450256348,-0.04756223626563651,696791933,
-0.21710878610610962,0.7889354228973389,-0.04695573869140694,706544440,
-0.2880135774612427,-0.25162458419799805,-0.05768340828709357,715711948,
0.1713024377822876,-0.37513136863708496,-0.04253161076608014,726666115,
0.47291845083236694,0.1151476502418518,-0.03091719922326273,736586898,
0.19131219387054443,-0.5943853855133057,-0.015033517646520353,748045114,
-0.1558482050895691,0.5178020000457764,-0.006439420217217411,756494415,
-0.36696821451187134,-0.03876674175262451,-0.011331989505998244,766550165,
-0.39348429441452026,-0.4283106327056885,-0.013500979665205826,776587282,
-0.31501567363739014,0.6515562534332275,-0.007828869574094604,786593422,
0.07344138622283936,-0.5125375986099243,-0.013106719076555653,796588375,
0.4481516480445862,0.19326770305633545,-0.020878293049282484,806643141,
0.25329315662384033,0.41023582220077515,-0.03606181139683098,816593148,
0.04143965244293213,-0.4313388466835022,-0.03853600204417712,828360413,
-0.17369908094406128,0.5842350125312805,-0.05443309174792929,835617894,
-0.3993724584579468,-0.19147533178329468,-0.03726698515724504,846662747,
-0.5131869316101074,-0.49173039197921753,-0.026471093471733733,859354346,
0.023809373378753662,0.7036311030387878,-0.03853238411896555,865875882,
0.22844284772872925,-0.39486533403396606,-0.03121616454884304,876688849,
0.30248695611953735,0.02911585569381714,-0.03685440217658139,886701563,
-0.13044768571853638,-0.05327481031417847,-0.04213752592676569,896714937,
-0.10721421241760254,-0.6098019480705261,-0.03604598447099118,908376288,
0.48489630222320557,1.0227420330047607,-0.04969900789782496,916709442,
0.3123520016670227,0.02168726921081543,-0.05931807666747741,926766476,
-0.03549700975418091,-0.4247399568557739,-0.047382305688722585,939144390,
0.22594934701919556,0.17007899284362793,-0.06427303993166264,946790940,
-0.1965896487236023,-0.561655580997467,-0.048931011803436036,956800332,
-0.06565415859222412,0.3962059020996094,-0.046171073988420845,966824645,
-0.28026771545410156,0.17761200666427612,-0.060472152434836425,976798486,
-0.3724691867828369,-0.7106888890266418,-0.05552637733309464,988434532,
0.29522013664245605,0.4916061758995056,-0.06943058309998057,995895864,
0.3514798879623413,-0.15395045280456543,-0.04221677175782824,7051803,
0.27993714809417725,0.035669922828674316,-0.026154457425438142,19566604,
0.28407764434814453,0.11661356687545776,-0.0318035521749623,26845942,
-0.020939111709594727,-0.6529940366744995,-0.02907293058785136,35911494,
-0.2902882695198059,0.30325615406036377,-0.01601503789353714,46995961,
-0.26306962966918945,0.13101518154144287,-0.022207451341379147,57141513,
-0.12381428480148315,-0.4975739121437073,-0.031078623269939872,68161674,
-0.07397782802581787,0.42238056659698486,-0.046880158269242786,75916726,
0.05328333377838135,-0.05134660005569458,-0.04048821859409557,86995520,
-0.049083054065704346,0.3524555563926697,-0.03740880238030585,99690044,
-0.049083054065704346,0.3524555563926697,-0.06474081989842363,107021055,
-0.0527995228767395,-0.39620715379714966,-0.04685524664825661,117030300,
-0.4405827522277832,0.43071573972702026,-0.03787226885866717,127062617,
-0.5256442427635193,0.055903077125549316,-0.030850394246243616,136993901,
0.003799259662628174,-0.5639740228652954,-0.02284382218935291,148094515,
0.5651323199272156,-0.05622333288192749,-0.029935091072536762,157096438,
0.43625354766845703,-0.32894688844680786,-0.03264858447889656,167256227,
0.15432721376419067,0.2710758447647095,-0.025277610122025264,179956427,
-0.18712157011032104,0.4158613681793213,-0.02965314480637781,187208644,
-0.0824136734008789,-0.402351975440979,-0.008741269437872571,197144057,
0.3948333263397217,0.40744316577911377,-0.006086601555629582,207177003,
0.3059046268463135,-0.04205882549285889,-0.01030473331199077,217126878,
0.48558509349823,-0.09328532218933105,-0.018615598526103325,228070789,
-0.34289854764938354,0.4162823557853699,-0.0396155205764225,237140496,
-0.45773178339004517,-0.4729929566383362,-0.03939013740230673,247186538,
0.07182472944259644,-0.07179075479507446,-0.03082593642576784,260063261,
-0.1111607551574707,-0.06599527597427368,-0.05552585077451495,267199294,
0.27071940898895264,-0.3568965792655945,-0.027033108792267488,277300032,
0.0710904598236084,0.4832944869995117,-0.02332010553161921,287222130,
-0.39285773038864136,-0.2144872546195984,-0.023373888135546476,297320631,
0.07392668724060059,0.12263756990432739,-0.019146274633702887,308569072,
-0.12791305780410767,0.24012798070907593,-0.03258827768019479,317284350,
-0.20067018270492554,-0.5900753140449524,-0.03244308954521307,327292406,
-0.06201964616775513,0.12336462736129761,-0.047607927178580985,347298629,
0.1580684781074524,0.09942412376403809,-0.05003876564853807,357726228,
0.038946568965911865,0.39959776401519775,-0.048860309856618635,367451194,
-0.23338806629180908,-0.5987666845321655,-0.020399320901626855,377378662,
-0.25734466314315796,0.12118732929229736,0.0019231879912738452,388318635,
-0.1250339150428772,0.3675471544265747,-0.0031082620975783244,397466517,
-0.12904787063598633,-0.2784431576728821,-0.003422806544946475,407423995,
0.6147022843360901,-0.061605215072631836,-0.006455116715387999,420119545,
0.030549168586730957,-0.5421371459960938,-0.02197953509272066,427411850,
-0.11952775716781616,0.028647541999816895,-0.020645032369102506,437472664,
0.09544205665588379,0.6317782402038574,-0.034866611507379755,447579117,
-0.21211570501327515,-0.22598469257354736,-0.04002666010337137,457591998,
-0.09752386808395386,0.02604597806930542,-0.03385417815250049,468028946,
0.5588064193725586,-0.1281982660293579,-0.03778971543145959,477509904,
0.38566213846206665,-0.12927204370498657,-0.042650579232393696,487521397,
-0.38831931352615356,-0.31918448209762573,-0.05520317281108869,507570601,
-0.31876224279403687,-0.4121665358543396,-0.04676248478209481,517627395,
-0.04058825969696045,0.2717899680137634,-0.0495536988557863,527661225,
0.19853603839874268,-0.004196107387542725,-0.04921596664274197,537651448,
0.5894114971160889,0.09686201810836792,-0.04071358177838533,548435691,
0.12465852499008179,0.06157559156417847,-0.03701075672634273,557718210,
-0.18978023529052734,-0.33817899227142334,-0.017856801927111206,566733512,
-0.11537337303161621,-0.007600545883178711,-0.01772952465401519,588211674,
0.4993619918823242,0.2046026587486267,-0.03903505755324059,597809113,
0.13273054361343384,-0.2919319272041321,-0.05559868717001056,607807969,
0.0399283766746521,0.013690292835235596,-0.060117148287995144,617824112,
0.012903571128845215,0.11728060245513916,-0.05226787848474762,628521994,
-0.6439141631126404,0.133076012134552,-0.0589500487704335,637753281,
-0.625035285949707,0.05488616228103638,-0.04852500316141604,647794241,
-0.4466039538383484,-0.4081077575683594,-0.03215092990624636,660186089,
0.38396209478378296,-0.4102139472961426,-0.028361459607739496,667817206,
0.6656438112258911,0.31348907947540283,-0.004511570843507578,677813356,
0.06554269790649414,0.1288527250289917,-0.009736152451409482,687861193,
-0.1761907935142517,-0.08215212821960449,-0.017722082410464423,697834132,
-0.7638795971870422,0.30002760887145996,-0.014543625549256412,709625326,
-0.19495677947998047,0.04077678918838501,-0.02461819045408584,717870929,
0.2696138024330139,0.3315168023109436,-0.031763955599621634,726958457,
0.4671662449836731,-0.36891239881515503,-0.05738523038960577,746976931,
-0.24597018957138062,-0.17765158414840698,-0.053237890615845086,758025853,
-0.1335504651069641,-0.3186958432197571,-0.05072192057416938,768032055,
-0.23326414823532104,-0.38184845447540283,-0.04655528515666773,778014814,
0.3318280577659607,-0.29773592948913574,-0.04326789513184313,798072491,
0.015936553478240967,-0.14274072647094727,-0.035414843011365923,808225880,
-0.1594504714012146,-0.16332387924194336,-0.034869741898368126,828224910,
-0.22771799564361572,0.46121400594711304,-0.03251780033610622,838132388,
-0.24940365552902222,-0.1746826171875,-0.0390853907858767,848137613,
0.2010686993598938,-0.3114238977432251,-0.037904789592658986,858143686,
0.19620013236999512,0.6298174858093262,-0.03323926060631434,868425883,
0.04887932538986206,0.019885659217834473,-0.041718645999183256,878166578,
-0.27757322788238525,0.01197129487991333,-0.03483760158105125,888143413,
-0.23069393634796143,0.17614728212356567,-0.024355203709790028,900252741,
-0.2962843179702759,-0.48886018991470337,-0.02795713049758979,908142425,
-0.25749367475509644,0.32271862030029297,-0.01662545124820045,918252346,
0.2322961688041687,-0.29980671405792236,-0.029629492446863435,928251234,
0.2744525074958801,-0.7218002676963806,-0.033614259951169546,938158938,
0.15698301792144775,0.28600168228149414,-0.03381619110207881,949540092,
-0.1014670729637146,-0.07185101509094238,-0.05852279993185891,958203297,
-0.305647611618042,0.4571939706802368,-0.05008333580691294,968226407,
0.13092917203903198,-0.374584436416626,-0.050184021142250526,988367365,
0.24418789148330688,0.2554747462272644,-0.03708995585044494,998464541,
-0.0731353759765625,-0.1290346384048462,-0.04219626104099628,8353327,
-0.5012516379356384,-0.2110375165939331,-0.03938489044112574,18280809,
-0.637770414352417,0.3808634877204895,-0.034989101637426266,28551530,
-0.26615941524505615,-0.6285073161125183,-0.03805542907518451,38268100,
0.7400665283203125,0.1270318627357483,-0.04001126298806899,48290051,
0.9892189502716064,0.28135567903518677,-0.05049383421988679,60431971,
0.3394940495491028,-0.2586101293563843,-0.09980803553297486,68337509,
-0.4610329866409302,0.29063284397125244,-0.07877725656087178,78352341,
-0.6647211909294128,-0.24875259399414062,-0.0764991520331964,88461987,
-0.32232189178466797,-0.2603672742843628,-0.0670731877894162,98335711,
-0.048684000968933105,0.4451940655708313,-0.0480529935122708,108808750,
0.8027232885360718,-0.44613856077194214,-0.03528693579826745,118372648,
0.6667793989181519,0.16533619165420532,-0.021317829749054884,128433577,
-0.1641959547996521,-0.13030517101287842,-0.01936151133737821,148471831,
-0.3809235692024231,0.9941338896751404,-0.0295639935561821,158443570,
-0.05530691146850586,-0.15990906953811646,-0.030031429418617337,171303361,
0.08355355262756348,-0.4871983528137207,-0.04281939503537912,178474082,
0.39190673828125,-0.12291818857192993,-0.024104643792079793,188531985,
0.1649857759475708,-0.5677337050437927,-0.021502110037806648,198508511,
-0.16152441501617432,0.45642906427383423,-0.02363810233515464,208522191,
-0.676544725894928,-0.1120525598526001,-0.023141045353227526,220352175,
-0.47749656438827515,-0.43119192123413086,-0.0243505165244118,228525663,
0.38174378871917725,0.8153411746025085,-0.013490604883428443,238538731,
0.5901535749435425,-0.13332384824752808,-0.00886541374947527,252485893,
0.5432584285736084,0.3579997420310974,-0.034315758452004304,258748002,
-0.34933245182037354,0.1321549415588379,-0.033966099121398474,268850705,
-0.6361533999443054,-0.6130015850067139,-0.029302493646840965,278733191,
-0.37491607666015625,0.4401453733444214,-0.027557091114049036,288673570,
-0.2677616477012634,-0.5104717016220093,-0.03260625419425268,300156110,
0.5880555510520935,-0.3254739046096802,-0.053456576319270845,308656997,
0.27760034799575806,0.5242235660552979,-0.05646588467762547,318698674,
-0.07443279027938843,0.1308421492576599,-0.05113670631477236,337957886,
-0.42935919761657715,0.03405201435089111,-0.046931103710088226,347774970,
0.29743218421936035,-0.43797457218170166,-0.03666065455225742,358892815,
0.5064888000488281,0.6898087859153748,-0.043019176829489816,367765117,
0.053680241107940674,-0.26203662157058716,-0.02599020169696025,388815556,
-0.2502632737159729,0.46940088272094727,-0.028025167399963493,399090016,
0.07229268550872803,0.8971455693244934,-0.03814277808098998,418850659,
0.18007409572601318,0.12162154912948608,-0.05603894289954604,429163558,
-0.024140477180480957,-0.898431658744812,-0.057983790896525354,437915637,
0.09035110473632812,0.06446850299835205,-0.0425468318994741,449199799,
-0.27940404415130615,-0.22413623332977295,-0.038676746019907296,460649854,
-0.15281683206558228,0.22248703241348267,-0.04885902174017043,468968980,
-0.36974239349365234,-0.03725343942642212,-0.039287390363251365,479048946,
0.2525688409805298,0.6509336233139038,-0.021807901773821203,491778458,
0.46905434131622314,0.49159955978393555,-0.038089161978188506,499059809,
0.5135246515274048,-0.03868412971496582,-0.036235827011926784,509080603,
0.2285219430923462,0.19414830207824707,-0.03386051761153338,519188899,
-0.6545182466506958,-0.44192415475845337,-0.025083532830070816,529039838,
-0.4931562542915344,0.21468281745910645,-0.006240721537235354,540431319,
-0.3156397342681885,0.21136921644210815,0.0009108970515596245,549068715,
0.32339268922805786,-0.5688266158103943,-0.0061837987788146915,559063261,
0.8830081820487976,-0.10738515853881836,-0.012004647962393164,572035375,
0.4507811665534973,0.10721033811569214,-0.053928728147973795,579042319,
-0.2576584815979004,0.2790149450302124,-0.05769007749556369,589182090,
-0.35460877418518066,0.4214646816253662,-0.06893593507072507,599150532,
-0.19045573472976685,-0.5673993825912476,-0.075574903653382,609119843,
-0.06596475839614868,-0.3548673987388611,-0.05359878434711774,620889333,
0.6637277007102966,0.14574623107910156,-0.060281961083060914,629143214,
0.32149237394332886,-0.19599926471710205,-0.050838728398659154,639242387,
-0.044169843196868896,0.07196688652038574,-0.04018097529195922,652512412,
-0.23125040531158447,-0.08038032054901123,-0.07581534647722438,659202234,
-0.6100062131881714,0.1714022159576416,-0.04094094928394768,669266627,
-0.39519864320755005,0.5711089372634888,-0.03296991295663122,679230652,
0.07776868343353271,-0.4016517400741577,-0.0313405653579516,689243257,
0.7844283580780029,-0.3478723168373108,-0.019778929064368202,701842337,
0.7299945950508118,0.1504560112953186,-0.024147685845317776,709229494,
-0.09132802486419678,0.0860908031463623,-0.016599775409756993,719270461,
-0.14350366592407227,0.2841361165046692,-0.009169930490721939,732251908,
-0.5936452746391296,-0.254494845867157,-0.012341656613100367,739306358,
-0.31492990255355835,-0.05483078956604004,-0.004300687561983919,749491823,
0.09775716066360474,0.47514039278030396,-7.948145143205287e-05,759427736,
0.2575876712799072,0.055707454681396484,-0.009536928822530606,769490314,
-0.12201172113418579,0.3487865924835205,-0.01774616693693727,781248565,
-0.4090098738670349,-0.20417922735214233,-0.030411215389456847,789351228,
-0.08803796768188477,-0.34898847341537476,-0.021833705733395378,799382832,
-0.23387092351913452,0.08852499723434448,-0.01454302419475104,812279993,
0.04941338300704956,-0.16784483194351196,-0.03128039571603552,819438398,
0.17186421155929565,0.031210124492645264,-0.029495406624523785,829400749,
0.06438791751861572,-0.012946009635925293,-0.03513048615331953,839464228,
0.0010140538215637207,-0.2832091450691223,-0.03448275818405287,849722365,
-0.08003336191177368,-0.10229182243347168,-0.02822274922522876,860578216,
-0.028159618377685547,0.03241467475891113,-0.032578236403620627,869507533,
0.39684003591537476,-0.0673215389251709,-0.024814199308342434,879524257,
0.04875612258911133,-0.19461381435394287,-0.014741107568610452,899528028,
-0.3393656015396118,0.08810073137283325,-0.006043061267559299,909571172,
-0.32551079988479614,0.2927132248878479,-0.01244188704586074,919540487,
0.20887154340744019,0.3523489236831665,-0.027358494632601885,929536021,
0.3780507445335388,0.27315038442611694,-0.04513606660803603,940113078,
0.09171855449676514,-0.41697895526885986,-0.06081645745229584,949542919,
-0.15074312686920166,-0.44546180963516235,-0.04622563931674393,959976723,
-0.46356266736984253,-0.14133036136627197,-0.031031821816801405,972423527,
-0.33339011669158936,0.11354666948318481,-0.04874618688379126,979813241,
0.3978848457336426,-0.24874138832092285,-0.03611500624171356,989642833,
0.27611351013183594,-0.29416489601135254,-0.034253829512213105,999671947,
0.1234474778175354,0.03180152177810669,-0.030833615117287896,9723878,
-0.11577582359313965,0.3574848771095276,-0.03212426901184077,20174182,
-0.0777176022529602,0.47548729181289673,-0.044801843867283246,29691043,
-0.28508538007736206,0.24859708547592163,-0.04313772438634394,39734935,
-0.3730408549308777,-0.10854029655456543,-0.02445503125412466,50933864,
-0.01158064603805542,0.02430814504623413,-0.006898729093851816,59777930,
0.1372019648551941,-0.08723437786102295,0.0013032614730126215,69746452,
0.1473826766014099,-0.21977746486663818,-0.003992989179629439,79726407,
0.29868876934051514,-0.2574653625488281,-0.01481414821705186,88779645,
0.061902642250061035,-0.06921762228012085,-0.022504058920776067,100634901,
-0.16320139169692993,0.333781361579895,-0.04567737169784203,109846355,
0.11038815975189209,0.171522855758667,-0.04871345350421222,119822390,
0.2607726454734802,0.005696415901184082,-0.034371811557044246,131986205,
0.14250481128692627,-0.32880663871765137,-0.028855299239097392,139794303,
-0.06250959634780884,-0.28809744119644165,-0.005403916965653531,148926547,
-0.20661574602127075,0.152351975440979,-0.003466400197765276,159841420,
-0.27895307540893555,0.01147240400314331,-0.01638171872499403,168901302,
0.13270801305770874,0.02903825044631958,-0.02772579547240471,180425197,
0.17348724603652954,0.3210776448249817,-0.05373328061609207,189956106,
0.22087204456329346,0.20239216089248657,-0.0682441302172128,200198476,
-0.1932472586631775,-0.25587332248687744,-0.06650478140638373,212072947,
-0.07635200023651123,-0.3863232135772705,-0.08306159153862173,219968475,
0.013860821723937988,-0.045776546001434326,-0.042788828413411396,230073084,
-0.08121472597122192,0.30576491355895996,-0.02647784758943437,239998231,
-0.15746599435806274,-0.09468495845794678,-0.012838252435307057,250100691,
0.09236019849777222,-0.34867966175079346,-0.00978379642304085,260103623,
-0.010318100452423096,0.23888319730758667,-0.01019647374367405,270113098,
0.31286513805389404,0.12291812896728516,-0.01119576275040117,280106872,
0.2714081406593323,0.4119025468826294,-0.017111339954598005,292643339,
-0.22063177824020386,0.010225951671600342,-0.04001998029041288,300134897,
-0.1660664677619934,-0.3665608763694763,-0.027497373437152244,310480648,
-0.11334121227264404,-0.009440481662750244,-0.01999795137311067,320167224,
0.15762031078338623,-0.33850669860839844,-0.004337368250646234,330214309,
0.07686078548431396,-0.001601576805114746,-0.0022705268136804274,340136201,
-0.40986907482147217,0.2288346290588379,-0.004867363062103847,350176796,
-0.3923547863960266,-0.40389156341552734,0.0003910007575457953,360213346,
-0.05548733472824097,0.39056605100631714,-0.002912500758432003,372056075,
0.4922199249267578,-0.28612732887268066,-0.007408191294101625,381002178,
-0.1931634545326233,0.05819731950759888,-0.012569895154896284,390501017,
-0.32848113775253296,-0.3212276101112366,-0.021062977636653962,400428419,
-0.034905076026916504,0.279297411441803,-0.014063266306520359,410332022,
-0.2772320508956909,0.2540726065635681,-0.011605230766293377,420558252,
-0.3225575089454651,-0.5980679392814636,-0.01489367651645899,430270648,
0.11842924356460571,0.4067898988723755,-0.013821272187635814,440295841,
0.5663366913795471,0.4633501172065735,-0.028756379982222514,451989626,
0.640303373336792,-0.022906839847564697,-0.07029199577943158,460263319,
0.31044644117355347,-0.015028297901153564,-0.06855310006399853,470543087,
-0.3705907464027405,-0.7214902639389038,-0.06464141290422251,480379240,
-0.3156304955482483,-0.01664555072784424,-0.033013543744530714,491062067,
-0.08759212493896484,0.4899944067001343,-0.02119230735021363,501231285,
0.1708124279975891,-0.7677090167999268,-0.023620547428618483,511097375,
0.30136382579803467,-0.17599833011627197,-0.01696415863864569,520998568,
-0.18324154615402222,0.05233907699584961,-0.014141600600791998,532033442,
-0.28674185276031494,0.2668105959892273,-0.01906611295542802,540988290,
0.25974714756011963,0.9605830907821655,-0.03284221446930711,551225807,
-0.2759334444999695,-0.28226757049560547,-0.05246746123075836,562955784,
0.06530213356018066,-0.39579546451568604,-0.07838099322333858,571079129,
0.03779315948486328,-0.07155030965805054,-0.054821752412997186,581020857,
-0.3410872220993042,-0.2302863597869873,-0.041456860719627606,591086809,
-0.18467170000076294,0.41238993406295776,-0.02904672848827065,601041403,
-0.14224720001220703,-0.438770055770874,-0.030595205926042618,612558603,
-0.10867953300476074,-0.4008920192718506,-0.045196440845238786,621048544,
-0.14717406034469604,0.8854629993438721,-0.04048021837208671,631169849,
0.7299453616142273,0.19950097799301147,-0.058567200696205676,641921290,
0.39651763439178467,-0.17496752738952637,-0.07888866277331054,651204312,
-0.02948141098022461,-0.3024265170097351,-0.06261447295518477,661200580,
-0.21927452087402344,-0.6188438534736633,-0.03594849489940545,671194611,
-0.25425994396209717,0.34030812978744507,-0.010431133509101378,681079734,
-0.19849133491516113,0.20641624927520752,-0.010713230495063885,692056807,
0.13958746194839478,-0.33804792165756226,-0.02821563606026331,701092486,
0.1042601466178894,0.4511513113975525,-0.03791271907433628,711351374,
-0.18897390365600586,0.007246851921081543,-0.04613493147936354,723013364,
0.060555875301361084,0.2963150143623352,-0.08604860110896674,731165864,
0.5579043030738831,-0.035444796085357666,-0.08406154433265045,741255019,
0.2779686450958252,-0.7131862640380859,-0.08388129828368063,751167039,
-0.006317198276519775,0.14000838994979858,-0.06616866960607354,761164086,
-0.07188349962234497,-0.12671130895614624,-0.045724630919587096,772051527,
-0.2778649926185608,-0.3684527277946472,-0.0382004434081848,781128274,
-0.4215549826622009,0.2624248266220093,-0.03128371170442312,791225103,
-0.17650669813156128,-0.52781081199646,-0.029776574133612174,803189042,
0.2319234013557434,0.5625791549682617,-0.060227381711090634,811164421,
0.3701987862586975,0.8305764198303223,-0.06356532516392391,821181579,
0.4718353748321533,-0.5448399186134338,-0.06325476485991967,831222557,
0.09729498624801636,0.1463080644607544,-0.05599006927899296,841145221,
-0.11372238397598267,-0.45149004459381104,-0.036679501157458605,852359150,
-0.12730830907821655,0.07293838262557983,-0.03211027562939683,861143701,
-0.153958261013031,0.46751314401626587,-0.034862589499181834,871256414,
-0.42370665073394775,-0.7114485502243042,-0.029855288917923137,883582248,
0.11188441514968872,0.14245164394378662,-0.0405744677100594,891238741,
-0.028815031051635742,0.2151002287864685,-0.03064984766574051,901193778,
-0.058024585247039795,-0.3494247794151306,-0.02193425255608277,911223861,
-0.23075789213180542,0.42592257261276245,-0.018029488537907035,921154477,
-0.20692670345306396,-0.607340931892395,-0.008177536723083705,932524320,
0.26730096340179443,0.04671663045883179,0.0028029455298949767,941159945,
0.00047463178634643555,0.6300888657569885,-0.00865117584164011,951310311,
-0.0005095601081848145,-0.7116082906723022,-0.01553880768999947,963670878,
0.022425711154937744,0.46969062089920044,-0.03289692044018338,971307034,
-0.31495678424835205,0.3847779631614685,-0.03762037699114476,981232676,
-0.09457153081893921,-0.05671447515487671,-0.036943682165365144,991380969,
0.10816878080368042,0.44485414028167725,-0.03832588541577567,1341167,
0.30160045623779297,-0.851977527141571,-0.02252038699433772,12089076,
0.42705732583999634,-0.27426785230636597,-0.007146357472689305,21263678,
0.04883831739425659,0.30433452129364014,-0.02279902210518635,31394847,
0.011200010776519775,-0.4552956819534302,-0.029917850484084265,44271545,
-0.13412755727767944,0.05568110942840576,-0.06972516485765057,51413970,
-0.27432411909103394,-0.426211416721344,-0.06432343991748535,61353963,
-0.121304452419281,0.14827650785446167,-0.06905070232724621,71399956,
0.1605539321899414,0.8378072381019592,-0.08400787916210141,81315396,
-0.007069647312164307,-0.4143001437187195,-0.08225748412530674,92044916,
-0.21375572681427002,-0.07427549362182617,-0.07798101563952373,101358690,
-0.1266600489616394,-0.08985179662704468,-0.04992201992390834,111442568,
-0.08856111764907837,-0.3204057216644287,-0.020519271333163207,124462853,
0.5579896569252014,0.4882625341415405,-0.054662388507304684,131403653,
0.4131311774253845,-0.059531986713409424,-0.06899252375303902,141371754,
-0.14442479610443115,-0.3266523480415344,-0.07710054242197305,151470161,
-0.29384100437164307,0.42017579078674316,-0.07919197513144806,161411844,
-0.021352052688598633,-0.010789096355438232,-0.06423278260616175,172042348,
-0.1525478959083557,0.09129655361175537,-0.05489960294388438,181408620,
-0.38414424657821655,-0.2243754267692566,-0.04164484790490978,191482936,
-0.05055505037307739,-0.6868919730186462,-0.02091917820036325,204264932,
0.10749423503875732,0.1682336926460266,-0.029671901653587796,211452421,
-0.14632457494735718,0.30899274349212646,-0.02850473306967592,221739317,
-0.08812010288238525,0.1598072052001953,-0.042426563299762035,231555288,
-0.42096424102783203,0.36546558141708374,-0.05689398059635018,241506745,
-0.15959036350250244,-0.2512229084968567,-0.0528924335962328,252497984,
0.9169953465461731,-0.22160309553146362,-0.05803737418555242,261502929,
-1.1162339448928833,0.03111940622329712,-0.039991083996338564,271815376,
0.09136676788330078,-0.053768038749694824,-0.02191203311984761,284013458,
-0.14881372451782227,-0.1933060884475708,-0.021242246246923592,291651152,
-0.3293156623840332,0.012558400630950928,-0.018032664907849473,300928061,
1.5226507186889648,-0.011393725872039795,-0.026343929372976912,311671176,
-0.1104665994644165,0.054419636726379395,-0.04697950507528161,321557033,
-0.29378199577331543,0.003204345703125,-0.06086423381948047,332150427,
-0.7708197236061096,0.022380590438842773,-0.07158350192922545,341619711,
-0.3423635959625244,-0.14877933263778687,-0.06407754189106782,351644275,
0.6897940039634705,-0.24731284379959106,-0.03872509496428555,364336200,
0.47251206636428833,0.10630548000335693,-0.028969089681865182,371574532,
0.08641165494918823,0.08889931440353394,0.002492285948130607,381765207,
-0.4471639394760132,0.26147615909576416,0.010163765924993368,391654953,
-0.38035112619400024,0.14112305641174316,-0.004333549256436588,401720668,
0.014520406723022461,-0.045326948165893555,-0.019124495953721368,412389126,
0.06716996431350708,0.16289019584655762,-0.029729732894938698,421608806,
0.5072445869445801,-0.12415653467178345,-0.03671481089214526,431686233,
0.3953314423561096,-0.408382773399353,-0.024305215327042738,444477237,
-0.31004732847213745,0.16968703269958496,-0.01603277021204305,450927924,
-0.3274723291397095,-0.03739500045776367,0.002682584119460962,462071219,
-0.3386272192001343,-0.05528116226196289,0.010722458992701777,471763481,
-0.42007458209991455,0.0626642107963562,0.016322490343266976,481740173,
0.08358639478683472,0.02518826723098755,0.01116149409960313,492057590,
0.32666486501693726,0.3832285404205322,-0.007394303894219222,501728862,
0.4599793553352356,-0.01819068193435669,-0.0345911797980698,511778135,
-0.4553331136703491,0.07168978452682495,-0.059321500520164015,530938268,
-0.46591633558273315,-0.10601401329040527,-0.050262964287675,541868062,
-0.5101861953735352,-0.21342933177947998,-0.05793795740366525,549893471,
0.006165862083435059,0.10994857549667358,-0.026982161978917,561821596,
0.5180631279945374,-0.27369022369384766,-0.012488786133616122,572631871,
0.4524539113044739,0.12108767032623291,-0.012834822810177473,581851314,
-0.0011916160583496094,0.11883187294006348,-0.044229368672391974,590891050,
-0.11680459976196289,-0.05578148365020752,-0.05404695748743789,604056642,
0.04336446523666382,0.3832641839981079,-0.10736066359176055,612126219,
0.05547046661376953,-0.19161367416381836,-0.09957243086562607,620921881,
0.34039586782455444,-0.2672843337059021,-0.05656035192657507,632082299,
0.012109696865081787,-0.2134779691696167,-0.02428814103891984,652374930,
-0.2003684639930725,0.14864379167556763,-0.015630799002862204,661971502,
-0.3180254101753235,0.09932398796081543,-0.023234228169680852,672101008,
-0.1547551155090332,-0.07187807559967041,-0.03090318816722452,684887132,
0.1712537407875061,0.2698144316673279,-0.08900869736230017,692025039,
0.39999961853027344,-0.21900135278701782,-0.08205146900310512,702170984,
0.4471927285194397,-0.10725784301757812,-0.08733438424550029,712127846,
-0.002867400646209717,-0.12952208518981934,-0.07739675556932277,722182118,
-0.4217643737792969,-0.4514463543891907,-0.0615859579450197,732105307,
-0.5672990679740906,0.49554145336151123,-0.052275359604223984,742500783,
-0.7777193784713745,0.30533885955810547,-0.055905790990222935,752356261,
-0.17544972896575928,-0.4049593210220337,-0.031606143285460735,764453369,
0.5797160267829895,0.10049670934677124,-0.010197450506417354,772140973,
0.713395893573761,-0.32942289113998413,0.010435351799455716,782131947,
0.27186059951782227,0.1537953019142151,0.0034930068603459302,792351426,
-0.16037660837173462,0.24766004085540771,-0.011013846015221481,802167418,
-0.6970471739768982,-0.3601936101913452,-0.010749023680594138,812146534,
-0.35652321577072144,0.5136750340461731,-0.010848579578611024,822135261,
-0.09673905372619629,0.21224647760391235,-0.021662072036946783,832305008,
0.6294845938682556,-0.3642219305038452,-0.03257207101853522,844124682,
0.36339133977890015,0.30421268939971924,-0.07856557574928127,852219129,
-0.38877761363983154,-0.5326989889144897,-0.06877593347110458,862455895,
-0.29819685220718384,0.14910888671875,-0.06168757537653783,872670035,
-0.1713666319847107,0.17077970504760742,-0.0600553278847483,882279338,
0.6036539077758789,-0.8802756071090698,-0.03664251239219034,892766077,
0.8442261219024658,0.44206422567367554,-0.034430805104536055,902247595,
0.08721578121185303,-0.11803752183914185,-0.04021115009564824,912337278,
-0.2867444157600403,-0.2983599305152893,-0.0396179714384033,924044451,
-0.349446177482605,0.5238754153251648,-0.07749224053001572,932309292,
-0.44499653577804565,-0.498418927192688,-0.07215984804795214,942509714,
-0.023440957069396973,0.3883262276649475,-0.07523029838015197,952442068,
0.3865521550178528,0.34117263555526733,-0.07538304755241595,962569912,
0.2581268548965454,-0.7604848742485046,-0.06547191419870065,972601425,
-0.006040036678314209,0.40126949548721313,-0.06752465457489197,982487063,
-0.28975003957748413,-0.41657936573028564,-0.06850288735479598,992611547,
-0.42223238945007324,-0.1347159743309021,-0.05359338907510814,4173665,
0.03306394815444946,0.6622089147567749,-0.07678178637964132,12454976,
-0.09644293785095215,-0.8586159348487854,-0.05094722284697017,22624267,
0.21305698156356812,0.39265137910842896,-0.04056091413506341,32514127,
0.27500730752944946,0.28588253259658813,-0.04537107971422716,42518050,
0.05631446838378906,-0.37901705503463745,-0.042170480341785034,52532241,
-0.33272773027420044,0.6596160531044006,-0.040160234791519096,62663702,
-0.33518731594085693,-0.4651646018028259,-0.030282544472639047,72562220,
-0.1739649772644043,-0.07986414432525635,-0.012914196181431822,85476337,
0.2263392210006714,0.47343337535858154,-0.03784777405593082,92570964,
0.17261099815368652,-0.6197372078895569,-0.03360398842088087,102773872,
0.04222548007965088,0.04823887348175049,-0.030692696386995864,116346267,
-0.40618646144866943,-0.09185928106307983,-0.06828498346573363,122748460,
-0.5865376591682434,-0.1495630145072937,-0.039169544149542816,132685353,
0.15418994426727295,0.8698247075080872,-0.04429833046946825,142825239,
0.41531914472579956,-0.3090183734893799,-0.03832815437461,152881941,
0.43690645694732666,0.19125550985336304,-0.026677307451220145,164116009,
0.08609819412231445,-0.361768901348114,-0.049444272954692635,172982620,
-0.5185349583625793,0.21212512254714966,-0.05202783121383106,183148011,
0.007390618324279785,-0.496964693069458,-0.06854321110952065,202713293,
0.21085411310195923,0.36146533489227295,-0.06950951604506644,212774628,
0.3708886504173279,-0.03561025857925415,-0.06961994021203792,222742701,
0.07110679149627686,-0.14658081531524658,-0.06172755310919669,232770551,
-0.44575875997543335,0.12338769435882568,-0.04372605600145392,244348078,
-0.6340498328208923,-0.14512521028518677,-0.058068559547605425,252785386,
-0.2335636019706726,0.668376624584198,-0.04641803403841103,263016938,
0.09373950958251953,0.09593886137008667,-0.04450977266368358,275282503,
0.6077494621276855,-0.5975896716117859,-0.080806736307313,282824227,
0.45492762327194214,0.08005601167678833,-0.05120596058990446,292835201,
-0.11551815271377563,0.03862065076828003,-0.04054320917463385,302827628,
-0.26627618074417114,0.2855760455131531,-0.036233803231055066,312843625,
-0.47773706912994385,-0.13534367084503174,-0.03483682047335157,323160131,
-0.3510322570800781,-0.5570269227027893,-0.026583807402299132,332871078,
0.020360171794891357,0.3072180151939392,-0.007649111076428283,342175170,
0.21283358335494995,0.32923632860183716,-0.0013455942638145538,355297784,
0.4442981481552124,0.07954204082489014,-0.017423684212329153,363035830,
-0.355685293674469,-0.016731441020965576,-0.03195450844740238,372964563,
-0.39765840768814087,-0.5147108435630798,-0.040768616753935845,383082894,
0.401588499546051,0.030868351459503174,-0.0447462109250634,392983863,
0.5131263732910156,0.29695838689804077,-0.043096998920395875,403892745,
0.3150893449783325,-0.058780550956726074,-0.04164258545621813,413002155,
-0.14041155576705933,0.024788320064544678,-0.027661880748889943,423084239,
-0.4846940040588379,-0.14263010025024414,-0.017418192849258673,436067306,
-0.1758987307548523,-0.036921024322509766,-0.02703302671606292,443036781,
0.3180028200149536,0.23077905178070068,-0.0288317341438624,453111271,
0.17504537105560303,-0.35699576139450073,-0.04689669588885548,463151699,
0.21750390529632568,-0.24388623237609863,-0.058392909482913175,473109135,
-0.22109198570251465,0.1683884859085083,-0.053931062826713665,484098228,
-0.3578845262527466,0.12577217817306519,-0.06031531068900558,493121528,
-0.21322691440582275,0.0432666540145874,-0.045891334418031636,503378955,
-0.45787233114242554,-0.16768163442611694,-0.023212808301826277,516361250,
0.3727216124534607,0.08828079700469971,-0.008211397027577259,523195524,
0.5025754570960999,0.3940114378929138,-0.0004184881309125189,533187677,
-0.046881139278411865,-0.31589221954345703,-0.010941042612324122,543250766,
0.31407397985458374,-0.34555017948150635,-0.01924231760744971,553314637,
-0.36805951595306396,0.15904849767684937,-0.029238338988608874,564113096,
-0.11357563734054565,0.21729719638824463,-0.04165433673209872,573209631,
-0.00707632303237915,0.26425617933273315,-0.038289380074044636,583278111,
-0.2066705822944641,-0.3029331564903259,-0.026739200590267746,596507854,
0.04818934202194214,-0.27061814069747925,-0.02226968400571574,603487541,
-0.19648444652557373,0.2659689784049988,-0.006001803315006279,613336744,
-0.22844058275222778,0.5329020619392395,-0.012870333871454904,623395815,
-0.15895789861679077,-0.06199836730957031,-0.015286083438007025,633321971,
0.23194169998168945,-0.45418059825897217,-0.0170548399399481,644412800,
0.2712934613227844,-0.18319225311279297,-0.030775158098776383,653305995,
0.21403193473815918,0.2398167848587036,-0.03987915419291214,663369230,
-0.04104757308959961,0.028708994388580322,-0.039485511402609356,676097958,
-0.004465818405151367,-0.29763662815093994,-0.0648949438480847,683678900,
-0.004548549652099609,-0.1558244824409485,-0.04073165767529153,693398182,
-0.30467933416366577,0.19752496480941772,-0.030860333685058097,703467890,
-0.07851278781890869,0.12162107229232788,-0.03685290641966034,713370175,
0.04921102523803711,-0.02934497594833374,-0.048407718400897776,723896623,
0.08932775259017944,-0.3779204487800598,-0.06013433105322954,733412501,
0.6201208233833313,-0.031684935092926025,-0.06219252745553659,743460400,
0.29905831813812256,0.3689488172531128,-0.05466975073969066,756441367,
0.019820690155029297,-0.09247088432312012,-0.10011398628011695,763475565,
0.22703129053115845,-0.036243975162506104,-0.06201737523039059,773644060,
-0.6872791051864624,-0.05117124319076538,-0.05559827856585,783560911,
-0.566996693611145,-0.23032432794570923,-0.04110321983790859,793745347,
-0.24081164598464966,0.1140623688697815,-0.029371099209256957,804044930,
0.12288981676101685,-0.16314548254013062,-0.021681866605429943,813505015,
1.0121170282363892,-0.2148154377937317,-0.01871476507298911,823582204,
0.371682345867157,0.43309909105300903,-0.019641255065543508,836430690,
-0.06140732765197754,-0.025614619255065918,-0.03425155177361984,843622914,
-0.3008427023887634,0.3049086332321167,-0.026916975927338743,853813113,
-0.4446297883987427,-0.0008437037467956543,-0.025985926760843474,863731609,
-0.19153541326522827,-0.28214287757873535,-0.01854563087489034,873595125,
0.0212249755859375,0.5907370448112488,-0.018519929089068073,884122108,
0.07559072971343994,-0.18087303638458252,-0.008169677926698433,893628728,
-0.2677685022354126,-0.32954686880111694,0.003889516425728899,903696106,
-0.2755175232887268,0.028738975524902344,0.0002374562702424468,916528588,
0.05153018236160278,-0.577683687210083,-0.001583051708454468,923754801,
0.5398964285850525,0.7197251915931702,-0.018346078210334422,933697156,
0.42517149448394775,0.23847448825836182,-0.035425640662343244,943810898,
-0.13093912601470947,-0.5381081104278564,-0.03225920554783414,953749371,
0.06041449308395386,0.393704354763031,-0.028890843142844985,964124753,
-0.4589459300041199,-0.24158620834350586,-0.02671932386122028,973748275,
-0.0425800085067749,0.05670350790023804,-0.02131796087656218,983836334,
-0.09939032793045044,0.1395576000213623,-0.020984307447523314,996118449,
-0.1333410143852234,-0.7683558464050293,-0.027663577991910732,2905485,
0.09552127122879028,0.5449055433273315,-0.021121446606319753,13846681,
0.022200584411621094,0.1476649045944214,-0.03476132164048974,24009739,
0.0030261874198913574,-0.5773918032646179,-0.03789210608814157,33878698,
0.211736798286438,0.46368861198425293,-0.05373662667898036,43514329,
-0.22601807117462158,0.297066867351532,-0.05453134914855856,54192629,
-0.20244985818862915,0.17053967714309692,-0.059023890580055444,64329037,
-0.16986018419265747,-1.1034176349639893,-0.05709987885895668,76099649,
0.1541140079498291,0.6515281200408936,-0.06781952935041138,84122200,
0.4552016258239746,0.33157777786254883,-0.05172380669496459,94018057,
0.03885000944137573,-0.245982825756073,-0.05737405563852394,104065239,
0.13561135530471802,0.3474428653717041,-0.05301742274363285,113948536,
-0.21654033660888672,-0.6671803593635559,-0.04502900188104419,124399588,
-0.33691316843032837,0.15331417322158813,-0.033874009874047775,134017127,
-0.13008594512939453,0.5715739727020264,-0.031409505103661445,144070953,
-0.3149298429489136,-0.6412378549575806,-0.033360899405984225,156133410,
0.34422826766967773,0.16339927911758423,-0.041122239618189574,164102941,
0.159512460231781,-0.24306517839431763,-0.026951795292707952,174270858,
-0.024683892726898193,0.028818488121032715,-0.018888180181190678,184230089,
0.09109967947006226,0.6639226675033569,-0.014614599343624123,194132774,
0.17461299896240234,-0.35473155975341797,-0.028528267787071272,204447707,
0.08508652448654175,0.1542341709136963,-0.0331311972497049,214142902,
-0.016208529472351074,0.0676947832107544,-0.02921672374862475,224199917,
-0.2425081729888916,-0.33304303884506226,-0.025174352891755264,236717413,
-0.46675240993499756,0.4013187289237976,-0.03643361723434088,244212320,
-0.3246496319770813,-0.38051360845565796,-0.02516134503139615,254429681,
-0.12553775310516357,-0.33356988430023193,-0.02279388342514028,264306271,
0.37495362758636475,0.5513792037963867,-0.025923852756568836,274199794,
0.6118601560592651,-0.31218260526657104,-0.035353030941884626,284445979,
-0.01038593053817749,0.42495155334472656,-0.0451727863850446,294252124,
-0.24630701541900635,0.00029212236404418945,-0.054078543753950534,304343501,
-0.3751830458641052,-0.6615768671035767,-0.043573324837026396,316625636,
-0.004954159259796143,0.23723256587982178,-0.06113897789269276,324334825,
0.48858731985092163,-0.3424255847930908,-0.04782386415621347,334502589,
0.3033229112625122,-0.01984381675720215,-0.049198975893161336,344375597,
0.03430163860321045,0.34619539976119995,-0.04905615137338738,354386153,
-0.25413936376571655,-0.47835659980773926,-0.04401742637532063,364561611,
-0.23448777198791504,0.6097335815429688,-0.04037271180947625,374354253,
-0.2905319929122925,0.1375691294670105,-0.038153633037251826,384439989,
0.39657992124557495,-0.1862906813621521,-0.02981519013937024,396459153,
0.5883168578147888,0.654123842716217,-0.05040189315318757,404560594,
0.0009845495223999023,-0.7086821794509888,-0.037664692048097144,414686511,
0.018886566162109375,-0.31308603286743164,-0.025159890225735393,424533407,
-0.35435301065444946,-0.049288153648376465,-0.022812112774228434,434448408,
-0.3540087938308716,-0.5433927178382874,-0.015392027802331622,444494241,
-0.09683775901794434,0.8477379083633423,-0.011912959947682957,454491896,
-0.4832242727279663,-0.1872488260269165,-0.018245744796294785,464527500,
0.20497578382492065,-0.2954902648925781,-0.012008527381826055,476147392,
0.37395423650741577,0.8930378556251526,-0.02001583184939422,484535506,
0.02015477418899536,-0.39648520946502686,-0.023969565360641303,494609228,
0.1337684988975525,0.29748964309692383,-0.0316357569415923,504596925,
-0.6009567975997925,-0.11819422245025635,-0.04300386904177049,514525129,
0.1322992444038391,-0.6466297507286072,-0.0369666452543725,524587574,
0.3056199550628662,1.1685669422149658,-0.038662540785892915,534556652,
-0.1863749623298645,-0.20084142684936523,-0.04157118695281775,544586133,
0.355208158493042,-0.602896511554718,-0.01786877821613713,556550789,
0.10934531688690186,0.3396431803703308,-0.02332627786538303,564617844,
-0.45291489362716675,-0.4254963994026184,-0.026047118544110587,574679816,
0.3848598599433899,0.6006342172622681,-0.03955305717956711,584700661,
0.22325962781906128,-0.32896888256073,-0.06569418098398666,594778035,
0.06649655103683472,-1.0783486366271973,-0.06687109113781926,604729109,
0.21573156118392944,0.8137465119361877,-0.06774909979637894,614775377,
-0.20827263593673706,-0.060614705085754395,-0.07919864487505245,624708430,
-0.3509855270385742,0.23528283834457397,-0.06605952432835195,636153981,
-0.1172906756401062,0.10661482810974121,-0.08334926791141076,644851738,
-0.1740097999572754,-0.9034751057624817,-0.05041391250907803,654777428,
