imu_ax, imu_ay, kf_ax, kf_ay, kf_vx, kf_w, kf_x, kf_y, stamp, 
1.0001428755816593, 0.45778326882128767, 1.5609790005542392, 153442000000, 
1.0001428777132115, 0.4577832595056013, 1.560979029324457, 153476000000, 
1.0001428720888386, 0.45778326104838435, 1.5609790550392988, 153510000000, 
1.0001428725033115, 0.4577832711909497, 1.560979054212458, 153544000000, 
1.000142875265116, 0.45778328580825944, 1.5609790614963588, 153578000000, 
1.0001428775798817, 0.4577832981652924, 1.5609790801891055, 153612000000, 
1.000142877418902, 0.457783290845791, 1.5609791100690513, 153714000000, 
1.0001428763525442, 0.45778327937180363, 1.5609791439496776, 153782000000, 
1.0001428767565033, 0.4577832891212677, 1.5609791592015478, 153816000000, 
1.000142879490416, 0.45778332767894947, 1.5609791702305948, 153918000000, 
1.0001428816237743, 0.457783306993868, 1.5609792101231947, 153986000000, 
1.0001428805526027, 0.457783294816859, 1.5609792436858125, 154054000000, 
1.0001428836844077, 0.45778331812492296, 1.5609792656323862, 154122000000, 
1.000142882283869, 0.457783333694625, 1.5609792763669461, 154224000000, 
1.0001428847104357, 0.45778330751086976, 1.5609793428224024, 154326000000, 
1.0001428878235612, 0.45778333014588396, 1.5609793645085384, 154394000000, 
1.0001428920267519, 0.45778335815715415, 1.5609793715273526, 154496000000, 
1.0001428944810438, 0.4577833352181956, 1.560979419029336, 154564000000, 
1.0001428921062985, 0.4577833572196783, 1.5609794593454442, 154666000000, 
1.0001428921155082, 0.4577833734082802, 1.5609794703393258, 154734000000, 
1.0001428984245098, 0.4577833365785218, 1.5609795162443856, 154836000000, 
1.0001428934002032, 0.4577833447671726, 1.5609795562094015, 154904000000, 
1.0001428981203886, 0.45778337693798893, 1.5609795712121326, 154972000000, 
1.0001428941649302, 0.45778339303029164, 1.5609795744326354, 155006000000, 
1.000142900238873, 0.45778338363539905, 1.56097956780196, 155040000000, 
1.0001428972101292, 0.45778338538567864, 1.5609795931966226, 155074000000, 
1.0001429003080964, 0.45778340594213085, 1.5609796620753864, 155278000000, 
1.0001429066490124, 0.45778336700285216, 1.5609797147156705, 155380000000, 
1.0001429016506598, 0.45778337380671985, 1.560979749932896, 155448000000, 
1.000142902666492, 0.4577834261558077, 1.5609797764547881, 155550000000, 
1.000142905014472, 0.4577834289661912, 1.5609797806685513, 155618000000, 
1.0001429097875307, 0.4577833752669683, 1.560979833678195, 155720000000, 
1.0001429091095695, 0.4577833768492777, 1.5609798691155932, 155788000000, 
1.0001429089328218, 0.4577834155563851, 1.5609798882370296, 155856000000, 
1.0001429139019244, 0.4577834604184425, 1.560979893250509, 155958000000, 
1.0001429136705373, 0.45778341840939624, 1.5609799494407328, 156060000000, 
1.000142910884677, 0.45778338732431106, 1.5609799929383334, 156128000000, 
1.0001429171175265, 0.4577833951245693, 1.5609800175554753, 156230000000, 
1.0001429170804625, 0.4577834465834334, 1.5609800445396185, 156298000000, 
1.0001429193169566, 0.45778349834624305, 1.5609800593242098, 156400000000, 
1.0001429214111206, 0.4577834653234383, 1.5609800859149394, 156468000000, 
1.0001429218519766, 0.45778342830315844, 1.5609801537211307, 156570000000, 
1.0001429252858511, 0.45778344442555247, 1.5609801585230823, 156638000000, 
1.000142919822726, 0.4577835022576174, 1.5609801724861632, 156740000000, 
1.0001429237000632, 0.4577834842461002, 1.5609802138113276, 156808000000, 
1.0001429245077553, 0.4577834494637885, 1.5609802665242214, 156910000000, 
1.0001429285016366, 0.4577834605741856, 1.5609802776872637, 156978000000, 
1.000142929987684, 0.45778351864495614, 1.560980298984005, 157080000000, 
1.0001429266843118, 0.4577835166403797, 1.5609803278409786, 157148000000, 
1.0001429287941814, 0.4577834758756109, 1.560980387730505, 157250000000, 
1.0001429336438492, 0.45778351007115053, 1.560980410946196, 157352000000, 
1.0001429348104365, 0.45778353043990416, 1.5609804073058962, 157420000000, 
1.0001429376629134, 0.4577835079886761, 1.5609804485616503, 157488000000, 
1.0001429358528986, 0.4577835214944918, 1.560980491752628, 157590000000, 
1.00014293974587, 0.4577835400155861, 1.5609805002781507, 157692000000, 
1.0001429415407173, 0.45778351679029444, 1.5609805490764699, 157760000000, 
1.0001429397500172, 0.45778352936014555, 1.5609805884529757, 157862000000, 
1.00014293814501, 0.4577835652824686, 1.5609806057419748, 157930000000, 
1.0001429456209552, 0.4577835409952128, 1.5609806339001504, 158032000000, 
1.000142941297676, 0.45778354274833144, 1.560980677346706, 158100000000, 
1.0001429457152125, 0.4577835685786248, 1.5609806882647352, 158168000000, 
1.0001429447671908, 0.45778356761160083, 1.5609807096910322, 158270000000, 
1.0001429448060672, 0.45778354075180117, 1.5609807490896777, 158338000000, 
1.0001429495395122, 0.457783570874048, 1.5609807814497407, 158440000000, 
1.0001429468423864, 0.45778360815245567, 1.5609807920290972, 158542000000, 
1.000142948887446, 0.4577835783462164, 1.5609808381607206, 158610000000, 
1.0001429523168914, 0.45778355080119953, 1.560980883066056, 158712000000, 
1.0001429521098009, 0.4577835839496881, 1.5609808958971099, 158780000000, 
1.0001429567849736, 0.45778362055786315, 1.5609809025547385, 158882000000, 
1.0001429589033612, 0.45778360051972555, 1.5609809499397072, 158950000000, 
1.0001429577783854, 0.45778357733124253, 1.5609809780313697, 159018000000, 
1.0001429563061204, 0.4577836082615284, 1.5609810087463833, 159120000000, 
1.0001429619796063, 0.45778364200396093, 1.5609810208749058, 159188000000, 
1.0001429622575881, 0.45778361637192894, 1.5609810648797011, 159290000000, 
1.000142960345443, 0.4577835979972136, 1.560981093758496, 159358000000, 
1.0001429657791112, 0.45778362026564234, 1.5609811215289497, 159460000000, 
1.0001429645650062, 0.4577836667178734, 1.5609811409398955, 159528000000, 
1.000142965519559, 0.4577836486844328, 1.5609811751317544, 159630000000, 
1.0001429645424857, 0.45778362400003053, 1.5609812116644366, 159698000000, 
1.0001429672834978, 0.45778363492949703, 1.5609812247695427, 159766000000, 
1.0001429689632457, 0.4577836782730906, 1.5609812437179464, 159868000000, 
1.0001429719721942, 0.4577836591087932, 1.5609812706805202, 159936000000, 
1.0001429713168402, 0.45778366323580366, 1.5609813188954094, 160038000000, 
1.0001429741829295, 0.45778369059140706, 1.5609813272941, 160140000000, 
1.0001429757596294, 0.4577836676312204, 1.560981370168837, 160208000000, 
1.0001429750863393, 0.45778367083160837, 1.5609814104391115, 160310000000, 
1.000142978678655, 0.4577837021916955, 1.5609814273643556, 160378000000, 
1.000142979690296, 0.45778369159428495, 1.5609814490508778, 160480000000, 
1.000142976631511, 0.45778368702051186, 1.5609814952127832, 160548000000, 
1.0001429774262631, 0.4577837228835505, 1.560981514951767, 160650000000, 
1.0001429818448373, 0.4577837190688059, 1.5609815059251537, 160684000000, 
1.0001429800400676, 0.4577836878317989, 1.5609815604403692, 160786000000, 
1.0001429827122297, 0.45778369605107616, 1.5609815879828368, 160854000000, 
1.0001429830316597, 0.45778375305163016, 1.5609816080037258, 160956000000, 
1.000142982662392, 0.4577837302002644, 1.5609816449171294, 161058000000, 
1.0001429893225495, 0.45778369434738553, 1.5609816706142838, 161126000000, 
1.000142986995306, 0.457783721678812, 1.560981702223581, 161228000000, 
1.0001429905822583, 0.4577837685958555, 1.560981712216147, 161330000000, 
1.0001429931590198, 0.45778375151488365, 1.56098175138475, 161398000000, 
1.0001429940157818, 0.4577837207164914, 1.5609818008832683, 161500000000, 
1.0001429916686317, 0.45778377216759863, 1.5609818259585435, 161602000000, 
1.000142993924518, 0.4577837950655066, 1.5609818221539538, 161670000000, 
1.0001429927285908, 0.45778375440156427, 1.5609818751791185, 161772000000, 
1.0001429986257777, 0.45778374330825816, 1.560981915935451, 161874000000, 
1.0001429984848835, 0.45778378234719896, 1.5609819345087548, 161942000000, 
1.0001430010536594, 0.4577838126785516, 1.5609819430832583, 162044000000, 
1.000142999136003, 0.4577837702197871, 1.5609819996100085, 162146000000, 
1.0001430017040938, 0.45778377506600826, 1.5609820225188713, 162214000000, 
1.0001430019834858, 0.4577838270590029, 1.560982045691968, 162316000000, 
1.0001430029842393, 0.45778379917356876, 1.5609820810442414, 162418000000, 
1.0001430073338988, 0.45778381401300533, 1.5609821151349101, 162520000000, 
1.0001430071177833, 0.45778383647071597, 1.560982124818301, 162588000000, 
1.0001430066450168, 0.45778380724679507, 1.5609821696098796, 162690000000, 
1.0001430109758696, 0.45778382115512634, 1.56098220396681, 162792000000, 
1.0001430095158876, 0.4577838606435406, 1.560982216035386, 162860000000, 
1.000143010483344, 0.45778383072177037, 1.5609822513479772, 162962000000, 
1.0001430147753494, 0.45778384355314683, 1.560982286068821, 163064000000, 
1.0001430121321024, 0.45778386376093944, 1.5609822980896528, 163166000000, 
1.0001430140644108, 0.457783833500799, 1.5609823401945433, 163234000000, 
1.0001430183404183, 0.45778384547068923, 1.5609823742065696, 163336000000, 
1.0001430155677102, 0.45778389288109544, 1.5609823938047063, 163404000000, 
1.0001430192617133, 0.45778389035690187, 1.560982395600636, 163472000000, 
1.0001430258366013, 0.4577839389799557, 1.5609825981208059, 164118000000, 
1.0001430308804704, 0.45778392959166203, 1.5609826024205558, 164152000000, 
1.000143026698897, 0.4577839028406645, 1.5609826454685485, 164220000000, 
1.0001430305762993, 0.4577838815182598, 1.5609826742154562, 164288000000, 
1.0001430335133967, 0.4577838937329642, 1.5609826863196947, 164356000000, 
1.0001430347140792, 0.45778395293062624, 1.5609827058074397, 164458000000, 
1.0001771061140283, 0.4614376923578173, 1.5629932184936253, 164526000000, 
1.000065169285773, 0.4710066073687253, 1.6102315672030412, 164628000000, 
0.9994327401495137, 0.4810912474435795, 1.6592882748387145, 164730000000, 
0.998724525159322, 0.48779027439675743, 1.6930490499616118, 164798000000, 
0.9972413629756208, 0.4977865633897416, 1.7443227179265077, 164900000000, 
0.9952512156640727, 0.5076979887038257, 1.7952360310799136, 165002000000, 
0.9936456877954754, 0.5142433866854595, 1.829083351336417, 165070000000, 
0.9918200331045258, 0.5207278312252609, 1.8631219802808683, 165138000000, 
0.9886732468586892, 0.5303241319299834, 1.914074077275258, 165240000000, 
0.9863056701818541, 0.5366258612133679, 1.9480372646756066, 165308000000, 
0.982355250889034, 0.5459205212410424, 1.9989988706873507, 165410000000, 
0.9779350779944255, 0.555005288079601, 2.0499657621036964, 165512000000, 
0.9747329149226786, 0.5609335174136741, 2.083942606360112, 165580000000, 
0.9695563046601142, 0.5696155749809595, 2.1348971707999116, 165682000000, 
0.965863200706247, 0.5752516076734, 2.168870371322468, 165750000000, 
0.959972233698027, 0.5834591311009651, 2.2198362797608593, 165852000000, 
0.9536724691409914, 0.5913528919025223, 2.270811739144649, 165954000000, 
0.949252009530374, 0.5964326165532255, 2.304793527147186, 166022000000, 
0.9423017079507272, 0.603765396077099, 2.3557547523145517, 166124000000, 
0.9374630749915122, 0.6084545564490718, 2.389724609471923, 166192000000, 
0.9299132965928242, 0.6151740123834776, 2.4406828156467357, 166294000000, 
0.9246949087614638, 0.6194354488099902, 2.4746573057040737, 166362000000, 
0.919335791137447, 0.6235161650855541, 2.508635001352611, 166430000000, 
0.9110454329609258, 0.6292966693327091, 2.5568736447345546, 166532000000, 
0.9024932085172765, 0.6347036321039107, 2.599524843508217, 166634000000, 
0.8937187511583371, 0.6397753351610195, 2.6346858306555823, 166736000000, 
0.8877827698455626, 0.6429862006042815, 2.6626900399098554, 166804000000, 
0.881745513835887, 0.6459389451760656, 2.7055031976436514, 166872000000, 
0.8724940132948599, 0.6500224300277584, 2.752444724736313, 166974000000, 
0.8662092692220519, 0.6525188470726618, 2.772324655774857, 167042000000, 
0.8598812117560819, 0.6548984135354805, 2.793169697850618, 167110000000, 
0.8502974286522632, 0.6582474973516719, 2.8182493976758862, 167212000000, 
0.8406273934080547, 0.6613916816131383, 2.8352087728282225, 167314000000, 
0.8341462329800545, 0.6634116482999206, 2.841525127088752, 167382000000, 
0.8276550573531499, 0.6654051230369381, 2.84712802340104, 167450000000, 
0.8178959743138707, 0.6683229590018532, 2.8548682897464004, 167552000000, 
0.8114045073684039, 0.6701535803558759, 2.884449219051688, 167620000000, 
0.8015544526516917, 0.6726690627428874, 2.90200097590486, 167722000000, 
0.7949567697834912, 0.674230204946858, 2.912586123863175, 167790000000, 
0.7850359018068327, 0.6764551073511076, 2.9303972657126685, 167892000000, 
0.7783984715261564, 0.6778461425328278, 2.9404380131227956, 167960000000, 
0.7684093938525959, 0.6798282524577056, 2.9491477494432115, 168062000000, 
0.7584014245280002, 0.6817398433099567, 2.9549095254568476, 168164000000, 
0.7517258452300354, 0.6829819748783017, 2.9600276038523807, 168232000000, 
0.7416961657246126, 0.6848061318398115, 2.9630174645598424, 168334000000, 
0.7350055176139553, 0.6860080926679247, 2.9642709376013223, 168402000000, 
0.724990615228342, 0.6876524531868667, 2.991082972761028, 168504000000, 
0.7182816960957743, 0.6886540709997148, 3.0002915812968527, 168572000000, 
0.7081936981662337, 0.6900199210687123, 3.0108323851971734, 168674000000, 
0.7048322950062207, 0.6904525264262464, 3.016646470505308, 168708000000, 
0.6980960309360691, 0.6912714683892662, 3.0240182284239627, 168776000000, 
0.687984506804473, 0.6923944691655187, 3.0379198791217497, 168878000000, 
0.6812358571761251, 0.6930641780742872, 3.0476101704996545, 168946000000, 
0.6710974517571517, 0.6939618051179206, 3.0593043619200113, 169048000000, 
0.6643292812658849, 0.6945014062806177, 3.064855295077465, 169116000000, 
0.6541726074159602, 0.6952356746357647, 3.0738230381419025, 169218000000, 
0.6440052777033607, 0.6958927248214491, 3.079837398454322, 169320000000, 
0.6372233638396402, 0.6963023223346226, 3.0828704806466813, 169388000000, 
0.627053708356817, 0.696863054446656, 3.0907653414693685, 169490000000, 
0.6202706825861415, 0.6971933421860035, 3.0955401496165003, 169558000000, 
0.6100893757945772, 0.6976358845419943, 3.100379518580517, 169660000000, 
0.6033007157333024, 0.6979044291394391, 3.103612618646086, 169728000000, 
0.5931160753455071, 0.6982697150626934, 3.10832936553477, 169830000000, 
0.5863237584015022, 0.6984880849448784, 3.110517674669208, 169898000000, 
0.5761371719073972, 0.6987814997321289, 3.115381048993875, 170000000000, 
0.5659481637053736, 0.699027625122493, 3.1196572996431517, 170102000000, 
0.5557562178796492, 0.699236323313469, 3.1228433951862686, 170204000000, 
0.548960554364437, 0.699357949913657, 3.1245926656383296, 170272000000, 
0.5387669981066922, 0.6995167706007765, 3.127357545354927, 170374000000, 
0.531970238544047, 0.699609235861728, 3.1287205589173674, 170442000000, 
0.5217751615287087, 0.699728954427737, 3.1309510330840284, 170544000000, 
0.5115792563110223, 0.69982713616142, 3.1329067001627213, 170646000000, 
0.5047815110597188, 0.699882513489455, 3.134011961247285, 170714000000, 
0.4945843972031642, 0.6999522958684565, 3.135410694214477, 170816000000, 
0.48438708760159194, 0.7000084505938975, 3.1367367826937387, 170918000000, 
0.4775888107266984, 0.7000384456894995, 3.137621514631792, 170986000000, 
0.46739059217734563, 0.7000736735831551, 3.138575480794585, 171088000000, 
0.46059170524989546, 0.7000921219771165, 3.139157943227013, 171156000000, 
0.45379271041657526, 0.7001068381912408, 3.139667918890584, 171224000000, 
0.4435940011734114, 0.7001227234850254, 3.1403186166676016, 171326000000, 
0.4367946560266901, 0.7001300840998307, 3.1406729350237854, 171394000000, 
0.42999522347118674, 0.7001351122464562, 3.1409936032224093, 171462000000, 
0.41979583838395, 0.7001392690419239, 3.141346526852403, 171564000000, 
0.4095965213968991, 0.7001399855034375, -3.1415041987183603, 171666000000, 
0.40279685609923455, 0.7001386654550644, -3.141339133383072, 171734000000, 
0.39599714016374526, 0.7001363690985367, -3.1411863044081714, 171802000000, 
0.3857974619389483, 0.7001310380440005, -3.1409731495956694, 171904000000, 
0.3789975434201822, 0.7001265008166178, -3.1409213668724614, 171972000000, 
0.36879767268450836, 0.7001192511738129, -3.140870865030116, 172074000000, 
0.3619977772548508, 0.7001142635090418, -3.140834240054697, 172142000000, 
0.351797853142841, 0.7001062179616147, -3.1407813042392387, 172244000000, 
0.3449978457130782, 0.700100615509516, -3.1407637021889534, 172312000000, 
0.33819785575094075, 0.7000949319848471, -3.1407461397581833, 172380000000, 
0.32799787108322404, 0.7000863060512188, -3.140771866420468, 172482000000, 
0.3211978392104288, 0.7000808298425368, -3.140803149819508, 172550000000, 
0.3109977515605654, 0.7000730532082992, -3.1408438507887144, 172652000000, 
0.30079760955352436, 0.700065603841998, -3.140877705613908, 172754000000, 
0.29399756355338064, 0.7000608271416537, -3.1408968198192797, 172822000000, 
0.28719755733569036, 0.7000561807353087, -3.140914028278908, 172890000000, 
0.2803975010068934, 0.700051727568902, -3.1409631249755217, 172958000000, 
0.2701973517131114, 0.7000457004433249, -3.141029897111307, 173060000000, 
0.25999720476417615, 0.7000403512347021, -3.1410810008340713, 173162000000, 
0.24979716172378932, 0.7000354398266102, -3.1411256460941077, 173264000000, 
0.2429971254705941, 0.7000324136474485, -3.1411531881490315, 173332000000, 
0.2327970165319722, 0.7000281880126387, -3.141188849544061, 173434000000, 
0.22259691062410053, 0.700024430522069, -3.141242545275147, 173536000000, 
0.2123968367954379, 0.7000211445612154, -3.1412867109051437, 173638000000, 
0.20559677268527257, 0.7000191454181062, -3.141302257964269, 173706000000, 
0.19539674646253655, 0.7000164013447916, -3.14133118391665, 173808000000, 
0.18519670603615215, 0.700013928613182, -3.141358862350648, 173910000000, 
0.17839662154049557, 0.7000124510902791, -3.1413829205403685, 173978000000, 
0.16819656482573206, 0.7000104977567992, -3.1414091699272535, 174080000000, 
0.15799653220114065, 0.7000088051769601, -3.141430563594501, 174182000000, 
0.14779646721390433, 0.7000073351810545, -3.141450559841176, 174284000000, 
0.14099646488575396, 0.7000064534691695, -3.1414600059848214, 174352000000, 
0.13079645010032215, 0.7000052345709357, -3.1414738162000613, 174454000000, 
0.12399638932909611, 0.7000045063367345, -3.141487178918251, 174522000000, 
0.12059636555894936, 0.7000041713805013, -3.141492376743213, 174556000000, 
0.11039635683286926, 0.7000032679257476, -3.1415077400417797, 174658000000, 
0.1035963504663273, 0.7000027391627578, -3.1415135423136826, 174726000000, 
0.09339629411540239, 0.7000020358524544, -3.1415245683455923, 174828000000, 
0.08319629484533125, 0.7000014359110791, -3.1415358234663153, 174930000000, 
0.07639628394386754, 0.700001103647531, -3.141543465983653, 174998000000, 
0.06959623702922504, 0.7000008127202023, -3.1415487795629855, 175066000000, 
0.05939621983710396, 0.7000004506943167, -3.1415562612512926, 175168000000, 
0.05259622612914714, 0.7000002561105554, -3.1415604708428457, 175236000000, 
0.04239618057584851, 0.7000000249809416, -3.141565678233093, 175338000000, 
0.03559617500056235, 0.6999998987605485, -3.1415682853327627, 175406000000, 
0.025396199992601606, 0.6999997367298434, -3.1415732198234387, 175508000000, 
0.015196159121099418, 0.6999996021429621, -3.141576876942824, 175610000000, 
0.008396125801999053, 0.6999995230023461, -3.1415786178490532, 175678000000, 
-0.0018038373694276024, 0.6999994382244451, -3.1415809390096405, 175780000000, 
-0.012003830430830528, 0.6999993721027351, -3.1415829710007874, 175882000000, 
-0.018803860438601373, 0.6999993404495419, -3.1415838060029846, 175950000000, 
-0.029003910205307435, 0.6999992932499042, -3.1415851682801996, 176052000000, 
-0.03580388493027083, 0.699999274350894, -3.1415861825310105, 176120000000, 
-0.04600387241326449, 0.6999992621653086, -3.1415871987451096, 176222000000, 
-0.05280390347475538, 0.6999992738142323, -3.1415877269988326, 176290000000, 
-0.059603938539038205, 0.6999992891075439, -3.14158827284251, 176358000000, 
-0.0698501529965837, 0.7000461400007183, 3.116591859037762, 176460000000, 
-0.08019265183565186, 0.7008089013789496, 3.0234755729504696, 176562000000, 
-0.08700098139431797, 0.7017653034854737, 2.9834679917358766, 176630000000, 
-0.09713373093837116, 0.7036766834056081, 2.9232526318368133, 176732000000, 
-0.10381616304897204, 0.7052889308427371, 2.883618383322426, 176800000000, 
-0.11042786954561257, 0.7071741945650798, 2.8434277217674406, 176868000000, 
-0.12016052670521417, 0.7103999888543409, 2.815659758381931, 176970000000, 
-0.1266077578272995, 0.712571861640909, 2.813443964907686, 177038000000, 
-0.13627062465418058, 0.7158195029120205, 2.816691602973398, 177140000000, 
-0.14270962879455204, 0.7179865728515824, 2.8203820441785683, 177208000000, 
-0.14915787640590897, 0.7201088320613427, 2.8258361914841577, 177276000000, 
-0.15884939204478088, 0.7232099334493083, 2.838888909982809, 177378000000, 
-0.16860015104115644, 0.7265051840585145, 2.7867882636592465, 177480000000, 
-0.1750072534374893, 0.728940714161959, 2.760652025442031, 177548000000, 
-0.1844646689520638, 0.7329044765594811, 2.7336844965818643, 177650000000, 
-0.19380760926600457, 0.7371576939647432, 2.698756843682409, 177752000000, 
-0.20298973467270565, 0.7417383579026272, 2.6639051775598177, 177854000000, 
-0.20904223872239341, 0.7448928109818066, 2.6524903027747424, 177922000000, 
-0.21802372119487454, 0.7498736655907344, 2.61501515399794, 178024000000, 
-0.22389780814172827, 0.7534050210832562, 2.5861732398394506, 178092000000, 
-0.22967039204272846, 0.7570395877778648, 2.576411742147536, 178160000000, 
-0.23824558386775602, 0.7626456811012171, 2.5515954137338226, 178262000000, 
-0.24669913592015313, 0.7684278090145168, 2.5293695102614477, 178364000000, 
-0.25226111266809975, 0.7723734778769411, 2.5197396987117595, 178432000000, 
-0.2577823191201588, 0.7763652592263924, 2.512451444256789, 178500000000, 
-0.26601514281170924, 0.7824677805419157, 2.485343350922961, 178602000000, 
-0.2713973049438341, 0.7866598772390138, 2.4760777267927994, 178670000000, 
-0.2767323270520348, 0.7909186507188906, 2.4600890559148225, 178738000000, 
-0.2846499715150221, 0.7973831805295164, 2.4500232470452348, 178840000000, 
-0.2898819923786217, 0.8017519074963066, 2.442125595139979, 178908000000, 
-0.29766111358698816, 0.8083774151555897, 2.4323321856556306, 179010000000, 
-0.3028181533801456, 0.8128313841986113, 2.424447238050954, 179078000000, 
-0.3104852398712728, 0.8195874025223561, 2.414500077939314, 179180000000, 
-0.3180901990168195, 0.8264029931953094, 2.4082129818764475, 179282000000, 
-0.3256530132904198, 0.8332651809761068, 2.401900762287284, 179384000000, 
-0.33067346541869075, 0.8378602138370035, 2.3989273193015963, 179452000000, 
-0.3381802366272972, 0.8447762708225618, 2.3952798533877937, 179554000000, 
-0.34317017953077106, 0.8493997763530367, 2.3938008000636897, 179622000000, 
-0.35064438519943725, 0.8563447884044915, 2.392133268569914, 179724000000, 
-0.35562076803656817, 0.8609859305931163, 2.3895751807562466, 179792000000, 
-0.363061810538036, 0.8679730230168629, 2.385909903123815, 179894000000, 
-0.3704783549932468, 0.8749825208784967, 2.3834755779554104, 179996000000, 
-0.37787829487596336, 0.8820097025941921, 2.3808724966670276, 180098000000, 
-0.38280167176987934, 0.8867047049964294, 2.3791417315087426, 180166000000, 
-0.39017319929835936, 0.8937595030254954, 2.377250885842364, 180268000000, 
-0.3950807839431165, 0.8984683355076272, 2.3765582719847904, 180336000000, 
-0.4024355896284048, 0.9055387468708336, 2.3754835363209383, 180438000000, 
-0.4073346595838793, 0.9102590411471874, 2.373895567268802, 180506000000, 
-0.41222573996395445, 0.9149868548198073, 2.372593907328625, 180574000000, 
-0.4195506741606224, 0.9220895339972497, 2.3709532973610545, 180676000000, 
-0.42686579423297455, 0.9292016467884422, 2.369530620351493, 180778000000, 
-0.4317370031265751, 0.9339485457923687, 2.36867885842924, 180846000000, 
-0.4390363767906503, 0.9410758214005369, 2.367703981818316, 180948000000, 
-0.44389919077662376, 0.9458305436891017, 2.3671727918087946, 181016000000, 
-0.4511890410678078, 0.952966323522002, 2.3666171608315087, 181118000000, 
-0.45604660958725207, 0.9577269713051801, 2.365817986557751, 181186000000, 
-0.4633257918440528, 0.9648751309544784, 2.3647135584035803, 181288000000, 
-0.46817424044224043, 0.9696443948544636, 2.364218551305671, 181356000000, 
-0.47544297162122334, 0.976802170142545, 2.363501085020086, 181458000000, 
-0.4802859397343715, 0.9815767319199392, 2.3630633893838278, 181526000000, 
-0.48512678229192063, 0.9863533016110835, 2.3626947711092012, 181594000000, 
-0.49238498775103556, 0.9935209275302869, 2.362299205727824, 181696000000, 
-0.4972224867274636, 0.9983004135391738, 2.362110956741576, 181764000000, 
-0.5044768642336349, 1.0054721484829612, 2.361575968678892, 181866000000, 
-0.5093105144959374, 1.010256073553786, 2.36117978955156, 181934000000, 
-0.5165578717696515, 1.0174347453458492, 2.3607533222183767, 182036000000, 
-0.5238022825719522, 1.024616257362115, 2.3603653266125595, 182138000000, 
-0.5286303287600133, 1.029405444105935, 2.360102336718946, 182206000000, 
-0.5358702486818437, 1.0365911244173576, 2.359826615911819, 182308000000, 
-0.5406958955387196, 1.0413824686127044, 2.359694690078934, 182376000000, 
-0.5479331655421514, 1.0485705187561893, 2.3595293690965966, 182478000000, 
-0.5551693703045656, 1.0557596208348787, 2.359373786390824, 182580000000, 
-0.5599926533896683, 1.0605537567035173, 2.3590879018755007, 182648000000, 
-0.5672253386316143, 1.0677467832135583, 2.358789238215317, 182750000000, 
-0.5744561136853251, 1.0749414803035484, 2.358587249355474, 182852000000, 
-0.5792757689967187, 1.0797388781982218, 2.358448176431713, 182920000000, 
-0.5840947349682022, 1.084536930478424, 2.3583077429456787, 182988000000, 
-0.5913220168940833, 1.0917349300021952, 2.3581695661500945, 183090000000, 
-0.5961396864454963, 1.0965340724433668, 2.3581115876008325, 183158000000, 
-0.6033657576585553, 1.1037331812554299, 2.3580390121318904, 183260000000, 
-0.6105910704251509, 1.1109333440108928, 2.3578267647667155, 183362000000, 
-0.6154071221723445, 1.1157342503890793, 2.3577143447089894, 183430000000, 
-0.6226302257038967, 1.122936482176353, 2.357596927873745, 183532000000, 
-0.6274451418361695, 1.1277384266939106, 2.3575021331833406, 183600000000, 
-0.6346667545780064, 1.1349420512757706, 2.357379806711818, 183702000000, 
-0.6394806988303051, 1.1397449080873794, 2.3573321092100947, 183770000000, 
-0.6467012757180556, 1.1469495634690752, 2.3572764670802298, 183872000000, 
-0.6515147379947048, 1.1517528394776466, 2.3572432688693636, 183940000000, 
-0.656328016321947, 1.1565562857263911, 2.3571986469192714, 184008000000, 
-0.6635473358974262, 1.1637621978459527, 2.3570829132519067, 184110000000, 
-0.6707660204952135, 1.1709687304109049, 2.3570139601748368, 184212000000, 
-0.6779842261345211, 1.1781757445948255, 2.356943108303893, 184314000000, 
-0.6852019066355939, 1.1853831623602482, 2.3568782692878107, 184416000000, 
-0.6900134536502213, 1.1901883553206718, 2.3568410207853754, 184484000000, 
-0.6948248804137657, 1.1949936734480866, 2.356821975818827, 184552000000, 
-0.7020418128179983, 1.2022017895342467, 2.356796950654827, 184654000000, 
-0.7068529872500277, 1.2070073697293746, 2.356749723239713, 184722000000, 
-0.7140693500388482, 1.2142161907200413, 2.356690916676305, 184824000000, 
-0.7212853005124493, 1.2214253214275723, 2.356653286389937, 184926000000, 
-0.7260957683060825, 1.2262315719980257, 2.356622418724644, 184994000000, 
-0.733311233220677, 1.233441235812254, 2.356584186412082, 185096000000, 
-0.7381213921052359, 1.238247799164525, 2.3565666990559824, 185164000000, 
-0.7453364274936122, 1.2454577454214553, 2.356549109746744, 185266000000, 
-0.7525514010464743, 1.2526678384051373, 2.356530079564862, 185368000000, 
-0.7573612975244429, 1.257474697820569, 2.3564980009456455, 185436000000, 
-0.762171029050151, 1.2622816354209845, 2.3564783551216215, 185504000000, 
-0.769385482962562, 1.2694922173093877, 2.3564565022268305, 185606000000, 
-0.7741950662746909, 1.2742993772301299, 2.3564397578416982, 185674000000, 
-0.7814092501474811, 1.2815101947913352, 2.3564191431343193, 185776000000, 
-0.7886233087664357, 1.2887211537936312, 2.3564067326844444, 185878000000, 
-0.7934326588860882, 1.2935285257604656, 2.356400005163446, 185946000000, 
-0.8006465596432513, 1.300739598753841, 2.3563918276395404, 186048000000, 
-0.8054557866937033, 1.3055470253392016, 2.356387880223605, 186116000000, 
-0.8102650101776401, 1.3103545303510302, 2.3563746994169734, 186184000000, 
-0.815074165337802, 1.315162095071109, 2.3563627015543216, 186252000000, 
-0.8222877474626428, 1.322373498834492, 2.356347434309313, 186354000000, 
-0.8295012819022025, 1.3295850056008707, 2.3563344251670624, 186456000000, 
-0.8343102593635665, 1.3343927119077943, 2.356326371815912, 186524000000, 
-0.8415236341505881, 1.341604306828664, 2.3563165219974382, 186626000000, 
-0.8463325300151805, 1.346412084063194, 2.3563114411492254, 186694000000, 
-0.8511414275645429, 1.3512198906900768, 2.356308330569086, 186762000000, 
-0.8583546919628128, 1.3584315944805947, 2.3562987339358052, 186864000000, 
-0.8655678806459232, 1.3656434166873097, 2.356287333195523, 186966000000, 
-0.8703766637379644, 1.3704513709468777, 2.356282498673103, 187034000000, 
-0.8775897277084057, 1.3776633086166548, 2.3562755120538856, 187136000000, 
-0.8848026928129058, 1.3848752805550293, 2.3562687969050837, 187238000000, 
-0.8896113311719456, 1.3896833122762133, 2.356265698804806, 187306000000, 
-0.8944199817885231, 1.394491374252777, 2.356263738545834, 187374000000, 
-0.8992286316421819, 1.3992994306741544, 2.3562620631703677, 187442000000, 
-0.9064415421471819, 1.406511464587244, 2.356256489650668, 187544000000, 
-0.9112501164175106, 1.4113194951473393, 2.3562521080895076, 187612000000, 
-0.9184629885425437, 1.4185316095022824, 2.3562474823902826, 187714000000, 
-0.9232715903054515, 1.4233397326322041, 2.3562447758436913, 187782000000, 
-0.9280801853353099, 1.4281478750451786, 2.356242141303023, 187850000000, 
-0.9328887326015048, 1.4329560024518118, 2.356239543553141, 187918000000, 
-0.9401014715660607, 1.4401681643631032, 2.3562375167415874, 188020000000, 
-0.9449099823708896, 1.4449763070795707, 2.3562363891765354, 188088000000, 
-0.949718497725187, 1.4497844893415057, 2.3562356941072644, 188156000000, 
-0.9569312450709927, 1.4569967824019856, 2.3562323715139057, 188258000000, 
-0.9641439076698379, 1.4642090533156469, 2.3562285372409772, 188360000000, 
-0.9689523454201633, 1.4690172538254327, 2.3562268159214113, 188428000000, 
-0.9761650603812473, 1.4762295994640258, 2.3562242726742877, 188530000000, 
-0.9809735242873274, 1.4810378253951058, 2.356222698822765, 188598000000, 
-0.9881861644868116, 1.4882501113661029, 2.3562210859510606, 188700000000, 
-0.992994592449817, 1.4930583158079012, 2.356220625155817, 188768000000, 
-1.0002072924772283, 1.50027066784073, 2.356220154112738, 188870000000, 
-1.0050157317295267, 1.5050788941433426, 2.356218550514545, 188938000000, 
-1.012228349178379, 1.5122912294687536, 2.35621645635143, 189040000000, 
-1.017036773876233, 1.5170994964776927, 2.3562155492817833, 189108000000, 
-1.021845190707265, 1.521907766641776, 2.3562146502934715, 189176000000, 
-1.0290577450048164, 1.5291201563794425, 2.3562133591435512, 189278000000, 
-1.0362703121458732, 1.5363325945743025, 2.356212345239937, 189380000000, 
-1.0410787043844707, 1.5411408934025173, 2.3562119556205836, 189448000000, 
-1.0482912567295946, 1.5483532857632207, 2.3562115982906193, 189550000000, 
-1.053099640519182, 1.5531615530235292, 2.35621142876688, 189618000000, 
-1.0603122508279181, 1.5603739702165307, 2.356209833808691, 189720000000, 
-1.0651206265877957, 1.5651822214327902, 2.356209115472055, 189788000000, 
-1.0699289932334877, 1.5699904818294388, 2.356208646023299, 189856000000, 
-1.0771416036368529, 1.5772029203308968, 2.3562079532096982, 189958000000, 
-1.0819499814211404, 1.5820112025432458, 2.356207513120101, 190026000000, 
-1.0891625187878753, 1.5892236170131597, 2.3562071381429623, 190128000000, 
-1.0939708925287328, 1.5940319285667328, 2.3562070574414125, 190196000000, 
-1.1011834248660293, 1.6012443866954444, 2.3562069178851286, 190298000000, 
-1.1083959179086773, 1.608456836796954, 2.3562057546838893, 190400000000, 
-1.1132042682797263, 1.6132651660170356, 2.3562051088481595, 190468000000, 
-1.120416821207705, 1.6204776583910028, 2.3562045058779093, 190570000000, 
-1.125225150742861, 1.6252859444237384, 2.356204061126953, 190638000000, 
-1.1324376873069633, 1.6324984016247501, 2.356203575352789, 190740000000, 
-1.1372460577801686, 1.637306704016128, 2.3562035280149436, 190808000000, 
-1.146862742679894, 1.6469232636100095, 2.356203792353214, 190944000000, 
-1.1492669244028884, 1.6493274142076322, 2.3562038851487737, 190978000000, 
-1.1564795081975467, 1.656539903568474, 2.3562032310694083, 191080000000, 
-1.16369202950994, 1.6637523644718677, 2.3562027542058455, 191182000000, 
-1.1709045118297214, 1.670964821902668, 2.3562026163833676, 191284000000, 
-1.175712845135908, 1.6757731618892582, 2.356202380856522, 191352000000, 
-1.1805211961225524, 1.680581519419085, 2.3562020969732087, 191420000000, 
-1.187733665838665, 1.6877939969315137, 2.3562019559124883, 191522000000, 
-1.1949461636504537, 1.6950064860939378, 2.356202015994092, 191624000000, 
-1.2021586938775266, 1.7022189615081147, 2.3562019782772925, 191726000000, 
-1.2069670192172188, 1.7070272468160066, 2.3562014863092706, 191794000000, 
-1.2141795406121434, 1.7142397142687915, 2.3562011353333676, 191896000000, 
-1.2213920940856262, 1.7214522082301553, 2.3562011195781487, 191998000000, 
-1.2286045859005443, 1.728664643757124, 2.356201106710166, 192100000000, 
-1.2334129198302939, 1.7334729454354265, 2.3562011008040105, 192168000000, 
-1.240625444148448, 1.74068545591863, 2.356201223583264, 192270000000, 
-1.2478379633702297, 1.7478979784914173, 2.356201443884877, 192372000000, 
-1.2526462615393947, 1.752706295225034, 2.3562016139347333, 192440000000, 
-1.2598587214876273, 1.7599187810169135, 2.3562010540681295, 192542000000, 
-1.2646670708068553, 1.7647271337719692, 2.3562007500003777, 192610000000, 
-1.2694754229806424, 1.7695354789324844, 2.3562005593989257, 192678000000, 
-1.2766879033677936, 1.7767479277777758, 2.3562003644896903, 192780000000, 
-1.2839003907639794, 1.783960382249372, 2.356200232150397, 192882000000, 
-1.288708759415422, 1.7887687135254484, 2.356200331827524, 192950000000, 
-1.295921299912101, 1.7959812084470415, 2.3562005956329117, 193052000000, 
-1.303133789477632, 1.8031936465067073, 2.3562008005477617, 193154000000, 
-1.3103462936552617, 1.8104061330714603, 2.3562004190428194, 193256000000, 
-1.3151546561820058, 1.8152144914327424, 2.3562002330130967, 193324000000, 
-1.3223671223492284, 1.8224269877788328, 2.3562001734808073, 193426000000, 
-1.324771272734049, 1.8248311556994934, 2.3562000971581614, 193460000000, 
-1.3295795866811344, 1.829639504087844, 2.3562000036777326, 193528000000, 
-1.3367920780478688, 1.8368520206743515, 2.356199809079166, 193630000000, 
-1.3440045418048758, 1.8440644894523135, 2.3561999470474237, 193732000000, 
-1.3512170569026414, 1.8512769843029881, 2.3562001692884493, 193834000000, 
-1.356025412324003, 1.8560853112779674, 2.356200352610134, 193902000000, 
-1.3632379124460554, 1.8632977611149337, 2.3562000660726152, 194004000000, 
-1.370450437817957, 1.8705102503397313, 2.356199960497382, 194106000000, 
-1.37766294624506, 1.8777227222635806, 2.356200064448788, 194208000000, 
-1.3824712675660336, 1.8825310288364572, 2.356200093777658, 194276000000, 
-1.3896837695701882, 1.8897435440330064, 2.356200081911473, 194378000000, 
-1.3944921103044428, 1.894551903262279, 2.3562001687603527, 194446000000, 
-1.4017045609052534, 1.901764393297498, 2.3562003795177824, 194548000000, 
-1.4089170207687856, 1.9089768813418706, 2.356199898294315, 194650000000, 
-1.4161295340271722, 1.9161894107033177, 2.356199498406727, 194752000000, 
-1.4209378794460001, 1.9209977445572621, 2.356199487466867, 194820000000, 
-1.425746203266311, 1.9258060486622193, 2.356199423241942, 194888000000, 
-1.4329586823826255, 1.9330185025057094, 2.356199410758337, 194990000000, 
-1.4401712259490769, 1.9402310121928112, 2.3561996348938523, 195092000000, 
-1.447383738353232, 1.9474434875489044, 2.3562000362018933, 195194000000, 
-1.4521920531126515, 1.9522517834130373, 2.3562002504070296, 195262000000, 
-1.459404544710753, 1.9594642712566446, 2.3561999535892793, 195364000000, 
-1.4642129038350657, 1.9642726355144502, 2.3561998478077903, 195432000000, 
-1.4714253867797138, 1.9714851597689111, 2.356199758179978, 195534000000, 
-1.4762336768588382, 1.976293481467471, 2.356199614053252, 195602000000, 
-1.4834461389092135, 1.983505986500904, 2.356199436792154, 195704000000, 
-1.4906586541797282, 1.9907185092496607, 2.35619946569473, 195806000000, 
-1.497871138328197, 1.9979309719418994, 2.356199646348826, 195908000000, 
-1.5050923361283517, 2.005169278014677, 2.343758311789037, 196010000000, 
-1.5097653634807173, 2.01023219598971, 2.2952644313589157, 196078000000, 
-1.5164252886133385, 2.0180727602016626, 2.2481943755928167, 196180000000, 
-1.5206719457086186, 2.023419558525137, 2.2335456417059394, 196248000000, 
-1.524812059144008, 2.028878669333799, 2.2061049987567207, 196316000000, 
-1.5307732985826665, 2.0372326245722023, 2.172535443466389, 196418000000, 
-1.5345956423741915, 2.042884665499823, 2.160362122424577, 196486000000, 
-1.540208258074588, 2.0514324951165066, 2.1466935630119854, 196588000000, 
-1.5457351208911414, 2.0600519370005834, 2.126119755652365, 196690000000, 
-1.5508927898247908, 2.0689687997849133, 2.0718364050368807, 196792000000, 
-1.554097245621513, 2.0750339571233405, 2.039331103751521, 196860000000, 
-1.5586062441999313, 2.084243779538624, 2.0116473763368377, 196962000000, 
-1.561453642081782, 2.090465074290822, 1.988819179892038, 197030000000, 
-1.5654847689664713, 2.0998964754333036, 1.9587039798999872, 197132000000, 
-1.5692719930947239, 2.1093993265287665, 1.943058877134438, 197234000000, 
-1.572940955410354, 2.118938602365984, 1.9323921106332367, 197336000000, 
-1.5753296603483171, 2.125307452289605, 1.929576322556072, 197404000000, 
-1.5790968167908888, 2.13469221464141, 1.9764995649737314, 197506000000, 
-1.5818501567672436, 2.1408392928192637, 2.010557978041409, 197574000000, 
-1.586297151085969, 2.1499569472027313, 2.038552958725856, 197676000000, 
-1.5894222703379655, 2.155943499029721, 2.0638696222931374, 197744000000, 
-1.5926412738018556, 2.1619510353599547, 2.054101846167512, 197812000000, 
-1.595798236700065, 2.1679894072314023, 2.051012164631057, 197880000000, 
-1.6003788900819462, 2.1771473231022314, 2.0282812897683105, 197982000000, 
-1.6048092396791902, 2.1863770921711416, 2.0074596559926228, 198084000000, 
-1.6076566446230134, 2.192584102303292, 1.9924737421106054, 198152000000, 
-1.6104048055600964, 2.1988290322186237, 1.9803650616974469, 198220000000, 
-1.614404535637899, 2.208242291881155, 1.9651502785419732, 198322000000, 
-1.6170194139508907, 2.21449476090186, 1.9770549788741958, 198390000000, 
-1.6211943513068212, 2.2237254642089455, 2.013558905232433, 198492000000, 
-1.6241519822335788, 2.2298185383423132, 2.027734380322349, 198560000000, 
-1.628742944982894, 2.238870474554117, 2.054623068698049, 198662000000, 
-1.6335816388334548, 2.2477862297005915, 2.0840486800011897, 198764000000, 
-1.6386675582177506, 2.256575800247415, 2.1075433790320046, 198866000000, 
-1.6421555390595204, 2.262387887268439, 2.118702821108765, 198934000000, 
-1.6476128174784945, 2.270920374609734, 2.1561902337117855, 199036000000, 
-1.6514062662173614, 2.2765096589342844, 2.1800951659643997, 199104000000, 
-1.65730564777438, 2.2847886879584096, 2.1981957673042163, 199206000000, 
-1.6633470182008567, 2.292968244709215, 2.214753482613758, 199308000000, 
-1.6695211594123414, 2.3010489864922428, 2.230776827182084, 199410000000, 
-1.6736943169392047, 2.3064037260839045, 2.2366478170863173, 199478000000, 
-1.6779117338986336, 2.3117110337571836, 2.247755802116912, 199546000000, 
-1.6843346826101564, 2.3196005987941435, 2.2619263095200237, 199648000000, 
-1.6886785218578202, 2.324819311549049, 2.267281055184589, 199716000000, 
-1.6952445700570973, 2.332605831606988, 2.2751038602147866, 199818000000, 
-1.6996519214402162, 2.337772427516967, 2.2798681485656553, 199886000000, 
-1.7040854912835988, 2.3429183216415304, 2.283817191132678, 199954000000, 
-1.70853808485085, 2.3480461815656986, 2.288482025313434, 200022000000, 
-1.7152680783480334, 2.3556898424860284, 2.296824040243948, 200124000000, 
-1.722060370735172, 2.3632826183002407, 2.303490668435548, 200226000000, 
-1.7266130419081092, 2.368324633907916, 2.3071414119194578, 200294000000, 
-1.7311842248032738, 2.373350618141909, 2.3104538304090387, 200362000000, 
-1.7380715179798343, 2.380862527462553, 2.3150363381425523, 200464000000, 
-1.7403748323767567, 2.3833602018062803, 2.316293225017643, 200498000000, 
-1.7472998982180756, 2.390842709055809, 2.31875703703218, 200600000000, 
-1.7519261709721419, 2.3958244224023058, 2.319538930102138, 200668000000, 
-1.7565569019086527, 2.4007995302872858, 2.321309086280903, 200736000000, 
-1.7658562915263765, 2.4107096137198143, 2.3266229961991822, 200872000000, 
-1.772858211512746, 2.418120323613146, 2.3290448929840117, 200974000000, 
-1.7775363951147747, 2.423051163648776, 2.330649536463615, 201042000000, 
-1.7845688605815377, 2.4304328526319097, 2.3331418952641436, 201144000000, 
-1.7892670740987409, 2.435344892077514, 2.3346786317493278, 201212000000, 
-1.796326161879584, 2.442704972263248, 2.335666499031192, 201314000000, 
-1.801035984114951, 2.447608294410918, 2.3362229487526127, 201382000000, 
-1.8081076911166254, 2.4549524437447885, 2.3386847361179206, 201484000000, 
-1.812832302450607, 2.459840129992657, 2.3398161806670768, 201552000000, 
-1.8199293960743392, 2.467163200214607, 2.340970039765338, 201654000000, 
-1.8270345974810436, 2.4744778647517864, 2.342289816741221, 201756000000, 
-1.8317765396637602, 2.4793492742117524, 2.3432054150185557, 201824000000, 
-1.838896618451856, 2.4866512841792074, 2.343878656527739, 201926000000, 
-1.8436457237702728, 2.4915171616050773, 2.344226779727211, 201994000000, 
-1.8483964332196294, 2.4963814304083702, 2.3445819740691562, 202062000000, 
-1.8555259519490686, 2.503673351005352, 2.3455634337658395, 202164000000, 
-1.8602837525194191, 2.5085298557070863, 2.3462662986209897, 202232000000, 
-1.867426693531631, 2.5158089392930907, 2.3471537168707695, 202334000000, 
-1.8721916810703176, 2.5206588262324825, 2.347676477602822, 202402000000, 
-1.8769593155937077, 2.5255061457307053, 2.348162874693868, 202470000000, 
-1.8841152439342845, 2.5327730437006326, 2.348807061923863, 202572000000, 
-1.891275115184382, 2.540036748778739, 2.34922830809598, 202674000000, 
-1.8960500344854665, 2.5448777695983305, 2.349428950103679, 202742000000, 
-1.9032139947780446, 2.5521374594350226, 2.349786329752242, 202844000000, 
-1.910381995334624, 2.5593920483977683, 2.3505612167977548, 202946000000, 
-1.9151635026931617, 2.564225904228187, 2.3510018838305187, 203014000000, 
-1.919947164996309, 2.569058174662689, 2.3512479780357527, 203082000000, 
-1.9271247879636226, 2.5763042089896953, 2.3516900693721285, 203184000000, 
-1.9319115768874167, 2.58113328023496, 2.3519344522701053, 203252000000, 
-1.9390940905957155, 2.5883749120361146, 2.3522016959158427, 203354000000, 
-1.946278070546974, 2.5956155035315773, 2.352336133329841, 203456000000, 
-1.9510678786357731, 2.6004419582516562, 2.3524428785515696, 203524000000, 
-1.9558705608876554, 2.6051432779222146, 2.394583641983198, 203592000000, 
-1.963440278988848, 2.611848762093313, 2.4402594617664066, 203694000000, 
-1.9686643557441001, 2.6161282187261983, 2.464323344309543, 203762000000, 
-1.9766594572838052, 2.622353160100286, 2.4997575841629103, 203864000000, 
-1.9848744242848584, 2.6282922303577796, 2.532856439449078, 203966000000, 
-1.9904548997336209, 2.6321339429537765, 2.5459396394766283, 204034000000, 
-1.9989221853247183, 2.637778808832802, 2.55830260446166, 204136000000, 
-2.0074524510353533, 2.6433321767922435, 2.569580063318042, 204238000000, 
-2.0131692943522435, 2.6469988001886655, 2.574082071058316, 204306000000, 
-2.018909563053777, 2.6506483005447943, 2.572776448248194, 204374000000, 
-2.027459043573864, 2.656297306766809, 2.5475486923098494, 204476000000, 
-2.035888089857589, 2.662086661023756, 2.533701785040983, 204578000000, 
-2.041466694290569, 2.6660114150850123, 2.5224621703003325, 204646000000, 
-2.049752000577804, 2.672010025977037, 2.507033833937744, 204748000000, 
-2.0579445007185306, 2.6781281866658464, 2.493766711535014, 204850000000, 
-2.0633662102837547, 2.682243760329364, 2.490148223070036, 204918000000, 
-2.071469508670467, 2.688459416524308, 2.4834687407003893, 205020000000, 
-2.0768399784465505, 2.6926747831691205, 2.468945852969215, 205088000000, 
-2.084800289193815, 2.6990948496856397, 2.4547208763696817, 205190000000, 
-2.092673689373708, 2.7056003912245243, 2.4476038398838265, 205292000000, 
-2.097895670266538, 2.70997601928635, 2.4407498166527506, 205360000000, 
-2.1056795213031356, 2.7165951240053534, 2.4313530280719196, 205462000000, 
-2.1108303401687034, 2.7210576666070927, 2.4234020488099954, 205530000000, 
-2.1184954547944805, 2.727811619843081, 2.4149158733580918, 205632000000, 
-2.1261061639186662, 2.734620051573125, 2.40882134511901, 205734000000, 
-2.1311577247821325, 2.739184492083884, 2.4044339608367395, 205802000000, 
-2.1387019120159354, 2.7460605113842287, 2.4003439195502896, 205904000000, 
-2.1437166824732685, 2.750658666818332, 2.398442614377572, 205972000000, 
-2.1512230639527194, 2.7575703710226174, 2.396449226067101, 206074000000, 
-2.1562194537322967, 2.762191492969472, 2.393312526703731, 206142000000, 
-2.161200516351353, 2.766828448332519, 2.390639612950266, 206210000000, 
-2.1686481447919785, 2.7738071703701888, 2.387303388055393, 206312000000, 
-2.173602427762193, 2.7784702003818724, 2.385368562384676, 206380000000, 
-2.181016456121967, 2.785482945723928, 2.3826255373953336, 206482000000, 
-2.188411409648963, 2.792514097240608, 2.38047703020559, 206584000000, 
-2.193333744540122, 2.7972089104943114, 2.379313215333295, 206652000000, 
-2.198250646157216, 2.801908602869329, 2.3784455138594662, 206720000000, 
-2.2031632599116473, 2.80661540079133, 2.376568802833169, 206788000000, 
-2.2105146554899875, 2.8136930283403614, 2.3740915344504168, 206890000000, 
-2.2178490139580496, 2.820786665703531, 2.3722487985838154, 206992000000, 
-2.2227327425636796, 2.825521405085994, 2.3711465873746476, 207060000000, 
-2.227611089677951, 2.830261257296133, 2.370189335102684, 207128000000, 
-2.2349203934483537, 2.837378859626585, 2.3689756784674634, 207230000000, 
-2.2397887924650433, 2.842127644730865, 2.3685113906004487, 207298000000, 
-2.244655411526433, 2.846878092543044, 2.368115204148729, 207366000000, 
-2.2495202914726122, 2.851629682094211, 2.3679381798563055, 207434000000, 
-2.256815479172649, 2.8587611273127016, 2.3669417322408273, 207536000000, 
-2.2616741251739754, 2.8635206925278758, 2.3661772938128673, 207604000000, 
-2.2689558147560565, 2.8706657030938314, 2.3653270194243965, 207706000000, 
-2.276232167571502, 2.877815847941328, 2.3645442796614033, 207808000000, 
-2.2810799031469657, 2.8825857493983156, 2.3640408548220107, 207876000000, 
-2.28834723234769, 2.8897445953949727, 2.3634531278421567, 207978000000, 
-2.2956107540613244, 2.8969068212703277, 2.3630623032290647, 208080000000, 
-2.3028719020653186, 2.9040712961226953, 2.3626808932187697, 208182000000, 
-2.305291667361953, 2.9064605535029013, 2.3623715368439986, 208216000000, 
-2.3125470893837106, 2.913631689899974, 2.361696163646546, 208318000000, 
-2.3197981099052494, 2.9208065992048304, 2.3612878764416956, 208420000000, 
-2.3246305448179116, 2.925591459565731, 2.360987826154814, 208488000000, 
-2.331876849866863, 2.9327709727103928, 2.360622876222605, 208590000000, 
-2.336706307120364, 2.937558645194789, 2.3604236207613, 208658000000, 
-2.343948772718656, 2.944741504663066, 2.360236745869003, 208760000000, 
-2.348776391932785, 2.94953073576323, 2.360135802940982, 208828000000, 
-2.3536036478481153, 2.954320474223494, 2.3600007100219207, 208896000000, 
-2.360842345844124, 2.9615078431414994, 2.3595638902889906, 208998000000, 
-2.3680784163686037, 2.9686973318757754, 2.3593068625871516, 209100000000, 
-2.3729015277759715, 2.973491356178795, 2.3591276794469063, 209168000000, 
-2.377723769066485, 2.9782861538878422, 2.3589633246486916, 209236000000, 
-2.384955622627496, 2.985479838166909, 2.3587167125062205, 209338000000, 
-2.3897759378031047, 2.9902764284776953, 2.358620374334219, 209406000000, 
-2.3970056397329413, 2.9974720446142924, 2.358506159023309, 209508000000, 
-2.404234575793097, 3.00466833629412, 2.35837828205222, 209610000000, 
-2.409053144403519, 3.009466909131611, 2.358176178827704, 209678000000, 
-2.4162794749934697, 3.0166661607238043, 2.3579604268712755, 209780000000, 
-2.4210961527637758, 3.0214664286210855, 2.3578680939350183, 209848000000, 
-2.4283202927732086, 3.0286676363330054, 2.35771358796285, 209950000000, 
-2.433135773661063, 3.0334690002372677, 2.357629964999003, 210018000000, 
-2.4379508603808917, 3.0382707324552163, 2.3575690820974438, 210086000000, 
-2.445173025956185, 3.045473766401743, 2.3575078149139976, 210188000000, 
-2.449987589623159, 3.0502759109008446, 2.3574775651446673, 210256000000, 
-2.457209118855641, 3.0574795584941055, 2.3573755058384167, 210358000000, 
-2.4644298222804126, 3.0646841640300764, 2.357264700027645, 210460000000, 
-2.469243249915143, 3.0694875859296555, 2.3572137637454635, 210528000000, 
-2.4764628564508926, 3.076693136189449, 2.357133077717704, 210630000000, 
-2.4812755937699134, 3.0814971494942127, 2.3570786288704526, 210698000000, 
-2.488494312190851, 3.0887036245826884, 2.3570175965942, 210800000000, 
-2.4933065489998167, 3.093508154247461, 2.35699143680513, 210868000000, 
-2.5005246274013846, 3.100715103606235, 2.3569552072710676, 210970000000, 
-2.505336545236098, 3.1055200084442847, 2.3568980693750357, 211038000000, 
-2.5125538742156492, 3.112727906823684, 2.3568210943380894, 211140000000, 
-2.5197706484769573, 3.1199361814958686, 2.3567725282881793, 211242000000, 
-2.524581689847206, 3.124741907418753, 2.3567345590693547, 211310000000, 
-2.531797975503911, 3.131950784361489, 2.356688555544593, 211412000000, 
-2.5366086204351594, 3.136756805364854, 2.356667353210413, 211480000000, 
-2.54382444852077, 3.1439660095169737, 2.35664711385028, 211582000000, 
-2.5510401661416258, 3.1511753530967215, 2.3566318955135137, 211684000000, 
-2.555850556060868, 3.155981601066707, 2.3566221071335876, 211752000000, 
-2.5630660386415585, 3.1631912200670946, 2.3565790564843963, 211854000000, 
-2.5702812309997465, 3.1704011916861123, 2.356540911690644, 211956000000, 
-2.57509117145887, 3.175207935866255, 2.3565262783132415, 212024000000, 
-2.5799010064183463, 3.180014761831633, 2.356505558204791, 212092000000, 
-2.587115608041429, 3.1872252020247243, 2.356477684293279, 212194000000, 
-2.5943300829375655, 3.1944358347961606, 2.3564596472797867, 212296000000, 
-2.601544410761555, 3.201646504533492, 2.3564461557660166, 212398000000, 
-2.6063538829096347, 3.206453714637327, 2.35641991450542, 212466000000, 
-2.6135679338545716, 3.213664733822395, 2.3563933268625754, 212568000000, 
-2.6207818627374393, 3.2208758891250695, 2.356379539965086, 212670000000, 
-2.6255910447290165, 3.225683355618235, 2.3563710681063155, 212738000000, 
-2.6328047343721805, 3.232894641046362, 2.356356637369998, 212840000000, 
-2.63761383364212, 3.2377022430503213, 2.3563513259506954, 212908000000, 
-2.6448274278418893, 3.2449136948163293, 2.356347658889244, 213010000000, 
-2.649636439873323, 3.249721316709505, 2.356344507466753, 213078000000, 
-2.6568498863749945, 3.256932844570688, 2.356327919591918, 213180000000, 
-2.664063284620175, 3.264144527028196, 2.356315333211594, 213282000000, 
-2.668872180729991, 3.268952350363258, 2.3563108142099214, 213350000000, 
-2.6760854250321446, 3.276164070017291, 2.3563002506362793, 213452000000, 
-2.680894219237915, 3.2809719182336305, 2.356293441961959, 213520000000, 
-2.6881074260847377, 3.288183771542919, 2.3562877497694212, 213622000000, 
-2.6929161822518, 3.2929916726059645, 2.3562853912770585, 213690000000, 
-2.7001292819753977, 3.3002035212535272, 2.3562816162169744, 213792000000, 
-2.7049380295611267, 3.3050114761107676, 2.3562756007418137, 213860000000, 
-2.709746740667364, 3.309819463104738, 2.3562702989664914, 213928000000, 
-2.7169596955650754, 3.3170314598123327, 2.3562639097009823, 214030000000, 
-2.7241726328476434, 3.3242435439903515, 2.3562583361477945, 214132000000, 
-2.731385540800324, 3.331455696490137, 2.356253375401476, 214234000000, 
-2.7361940834159753, 3.336263773230612, 2.3562513136811556, 214302000000, 
-2.7434069326132473, 3.3434759265922067, 2.3562486032250654, 214404000000, 
-2.748215507058311, 3.3482840288226488, 2.3562475355403305, 214472000000, 
-2.755428318339869, 3.355496139636965, 2.356246646946485, 214574000000, 
-2.7626411659454173, 3.362708300907719, 2.356241699070265, 214676000000, 
-2.767449738213013, 3.3675164521904346, 2.3562387485765233, 214744000000, 
-2.774662522315935, 3.374728653579545, 2.3562359364592096, 214846000000, 
-2.7794710129065714, 3.3795367798253206, 2.356233717487895, 214914000000, 
-2.7866837559162287, 3.3867490432937504, 2.3562306149116834, 215016000000, 
-2.791492266954572, 3.3915572634560296, 2.3562294120357397, 215084000000, 
-2.7987049421475936, 3.398769559783998, 2.3562281270529697, 215186000000, 
-2.805917579692512, 3.4059818532283934, 2.3562265963918736, 215288000000, 
-2.810726022398076, 3.4107900899160732, 2.3562236368781386, 215356000000, 
-2.815534486204284, 3.4155983424925345, 2.3562217834753705, 215424000000, 
-2.8227471110700586, 3.4228106693982334, 2.3562198796427603, 215526000000, 
-2.827555543524543, 3.427618895494781, 2.356218459139132, 215594000000, 
-2.8323639821769397, 3.4324271395385524, 2.3562173228295915, 215662000000, 
-2.8395766046848796, 3.43963947231817, 2.3562162684432124, 215764000000, 
-2.846789228654848, 3.4468518152416743, 2.3562158010092586, 215866000000, 
-2.8515976632260274, 3.451660076020665, 2.3562156003396346, 215934000000, 
-2.858810313199969, 3.4588724806194175, 2.356213526999003, 216036000000, 
-2.8636186755443984, 3.4636807231165836, 2.3562124331014567, 216104000000, 
-2.870831230879067, 3.470893134120817, 2.3562114251494104, 216206000000, 
-2.875639616626921, 3.4757014513722306, 2.3562105441747807, 216274000000, 
-2.880447999829303, 3.4805097691245073, 2.3562097784826372, 216342000000, 
-2.885256341546138, 3.4853180508824333, 2.3562090616020597, 216410000000, 
-2.8924688613446907, 3.492530454579091, 2.3562087095305033, 216512000000, 
-2.8996814526603436, 3.4997428928322396, 2.3562084951618827, 216614000000, 
-2.906894029405249, 3.5069553233958874, 2.356207167737083, 216716000000, 
-2.911702385134705, 3.5117635774997007, 2.3562065535425596, 216784000000, 
-2.918914928320923, 3.5189759873781807, 2.356206108127327, 216886000000, 
-2.923723317974338, 3.5237842957584324, 2.356205701462179, 216954000000, 
-2.9309359155102186, 3.5309967752891795, 2.356205190356548, 217056000000, 
-2.9381484130434847, 3.538209204735553, 2.3562051239217645, 217158000000, 
-2.945360929157455, 3.5454216817554594, 2.356205146566808, 217260000000, 
-2.950169294341198, 3.5502300244980654, 2.3562051412403937, 217328000000, 
-2.957381774967418, 3.5574424828652202, 2.3562050218519786, 217430000000, 
-2.962190115915419, 3.5622507921433018, 2.3562042908859437, 217498000000, 
-2.9694026636897357, 3.569463274640659, 2.3562034405533505, 217600000000, 
-2.976615162341643, 3.5766756988132657, 2.356203104875366, 217702000000, 
-2.9814235163468976, 3.5814839939513794, 2.35620284710555, 217770000000, 
-2.9886360765857867, 3.5886964756198396, 2.3562026680986805, 217872000000, 
-2.993444447440454, 3.593504781196072, 2.356202707791916, 217940000000, 
-2.9982527777341064, 3.5983130608000984, 2.3562029064226024, 218008000000, 
-3.005465286148219, 3.605525501209389, 2.356202647326108, 218110000000, 
-3.012677827840208, 3.612738020354968, 2.356202091782105, 218212000000, 
-3.0174861763900593, 3.617546373076239, 2.3562018976321637, 218280000000, 
-3.0246986334107735, 3.624758853152646, 2.3562015990645326, 218382000000, 
-3.0295069420244287, 3.6295671810511254, 2.3562013994002724, 218450000000, 
-3.0343152914156923, 3.6343755264896624, 2.3562012195799737, 218518000000, 
-3.0391236277344995, 3.6391838563820698, 2.3562010780370812, 218586000000, 
-3.046336101624227, 3.64639629886466, 2.356201214032382, 218688000000, 
-3.0535486437686146, 3.6536087747681583, 2.356201510072233, 218790000000, 
-3.0583570126423596, 3.658417103634338, 2.356201248152166, 218858000000, 
-3.0655695105083662, 3.6656295454537826, 2.3562010002208593, 218960000000, 
-3.0727820125106824, 3.6728419917373523, 2.3562010414727683, 219062000000, 
-3.077590369335607, 3.677650326199485, 2.3562010076816056, 219130000000, 
-3.0848029131899954, 3.6848628473379987, 2.356200868008113, 219232000000, 
-3.089611219319241, 3.6896711679963468, 2.35620090568939, 219300000000, 
-3.0944195170750923, 3.694479482877122, 2.356200972794596, 219368000000, 
-3.1016319988294523, 3.701692004986752, 2.3562010645011333, 219470000000, 
-3.108844516070628, 3.7089045291081097, 2.3562004366928657, 219572000000, 
-3.113652830406451, 3.713712839220988, 2.3562002014315633, 219640000000, 
-3.1184611320704883, 3.7185211366984956, 2.3562000677988006, 219708000000, 
-3.1256736602535864, 3.725733622041366, 2.3561999153905524, 219810000000, 
-3.132886203846938, 3.732946125476667, 2.356199863958249, 219912000000, 
-3.1376945336986255, 3.737754423855372, 2.356200047452964, 219980000000, 
-3.1449070201658147, 3.7449668725249987, 2.3562003798768996, 220082000000, 
-3.152119568344323, 3.752179383259989, 2.3562005672277535, 220184000000, 
-3.1569278979159896, 3.756987712712515, 2.3562002114027254, 220252000000, 
-3.1641403615002535, 3.764200205820741, 2.356199995454802, 220354000000, 
-3.168948696007562, 3.769008562272326, 2.35619999070617, 220422000000, 
-3.173757017287101, 3.773816915447484, 2.3561997941255854, 220490000000, 
-3.1809694559292967, 3.7810293968431954, 2.3561996140060857, 220592000000, 
-3.185777782540574, 3.7858377272014967, 2.3561996317563167, 220660000000, 
-3.1905861421082915, 3.7906460771167736, 2.3561996472180375, 220728000000, 
-3.197798645821205, 3.7978585469061015, 2.3561999067147092, 220830000000, 
-3.2050111427954366, 3.8050710061422683, 2.3562002974389245, 220932000000, 
-3.2098195066958386, 3.8098793374533937, 2.35620016957889, 221000000000, 
-3.217032011169945, 3.817091797039732, 2.3561999997751175, 221102000000, 
-3.22184032947259, 3.8219001028168793, 2.356200026705736, 221170000000, 
-3.2266486852583878, 3.8267084392783004, 2.356200011404948, 221238000000, 
-3.233861200513802, 3.833920970188126, 2.356199942744076, 221340000000, 
-3.2410736443743136, 3.841133451274566, 2.356199957727524, 221442000000, 
-3.2482860950603523, 3.848345955431584, 2.3562000731126953, 221544000000, 
-3.2554965463226657, 3.8555504054513943, 2.3600825540155985, 221646000000, 
-3.2603486033114524, 3.860210058768728, 2.398594341482552, 221714000000, 
-3.2679492277002966, 3.8668811499054483, 2.4438194245053784, 221816000000, 
-3.273171608666984, 3.871179622335451, 2.4626746383298546, 221884000000, 
-3.278477909651975, 3.87535391154069, 2.488331594979879, 221952000000, 
-3.286625202306375, 3.881377461508666, 2.5239233914522714, 222054000000, 
-3.294976898212644, 3.8871490747775566, 2.5491741128387755, 222156000000, 
-3.3006256912071774, 3.8908978968453867, 2.559816986031637, 222224000000, 
-3.3091500026937495, 3.8964121827162757, 2.5848047946681056, 222326000000, 
-3.3178919903202297, 3.9014561405201906, 2.6407755055676843, 222428000000, 
-3.3268807605462047, 3.9060723493896266, 2.690609815290064, 222530000000, 
-3.336062862300337, 3.9103802825634113, 2.721055712345704, 222632000000, 
-3.3422626724320024, 3.9130808376298276, 2.7409061856673924, 222700000000, 
-3.348513093114418, 3.9156554498549645, 2.76219270049421, 222768000000, 
-3.35799155193526, 3.919330917781826, 2.7800233860561705, 222870000000, 
-3.3643508575013454, 3.9217069097370865, 2.7859819651606035, 222938000000, 
-3.3707206287258824, 3.924061648090974, 2.790895551574051, 223006000000, 
-3.380272477699322, 3.927457845132702, 2.824165834799365, 223108000000, 
-3.3899519325277376, 3.9304779188543675, 2.8559436194032877, 223210000000, 
-3.3964591612369213, 3.9322975839714234, 2.878918312931249, 223278000000, 
-3.4062910960883435, 3.9348432145828856, 2.902588403073571, 223380000000, 
-3.416180240842487, 3.9371256501216374, 2.9297359596654537, 223482000000, 
-3.422798493377436, 3.9384597361752025, 2.9555197866335265, 223550000000, 
-3.4294577774623507, 3.9396494748991273, 2.9742412837130034, 223618000000, 
-3.436145244947117, 3.940726938844576, 2.9882339070647133, 223686000000, 
-3.446203843734907, 3.942184018558346, 3.007767548691634, 223788000000, 
-3.4529266731304817, 3.94305104092443, 3.019345310820212, 223856000000, 
-3.463035763548928, 3.9442253665775535, 3.0316317753583046, 223958000000, 
-3.473150511703829, 3.945260152536812, 3.0488771721753385, 224060000000, 
-3.4832848125682614, 3.946125897986183, 3.064177352254598, 224162000000, 
-3.4900552678946317, 3.9466328594590596, 3.0698398163957887, 224230000000, 
-3.5002140271362268, 3.9473092730733703, 3.079902434024019, 224332000000, 
-3.5069903588283995, 3.9477064922529044, 3.0863748049584503, 224400000000, 
-3.517164312038322, 3.9482331870884555, 3.0930324294664016, 224502000000, 
-3.523947330628184, 3.9485450108325577, 3.0982382386080127, 224570000000, 
-3.5341243780745772, 3.9489472868379965, 3.1062000816452366, 224672000000, 
-3.5443083124258203, 3.949276876888912, 3.11193583017836, 224774000000, 
-3.5510993137337676, 3.9494663392575493, 3.1153443833267414, 224842000000, 
-3.5578911676863725, 3.949633260907279, 3.118629107471951, 224910000000, 
-3.568080710679759, 3.94984426125725, 3.1230393884150787, 225012000000, 
-3.574874441498767, 3.9499603840956836, 3.1258174761763513, 225080000000, 
-3.5850666155731314, 3.9501011316113495, 3.129439797654395, 225182000000, 
-3.595260458853099, 3.9502092376874227, 3.1324394340736665, 225284000000, 
-3.602056792146087, 3.9502648770927085, 3.1343051271068796, 225352000000, 
-3.6122523958467645, 3.950326835820963, 3.1365443132194777, 225454000000, 
-3.6190496791717512, 3.950355867286198, 3.1379328250266223, 225522000000, 
-3.6258476895147056, 3.9503769356288747, 3.1389636285238036, 225590000000, 
-3.6360452699601615, 3.9503960295472114, 3.1402589071566585, 225692000000, 
-3.642843928054803, 3.950402524709856, 3.140988421112445, 225760000000, 
-3.653042177359989, 3.950403466144427, -3.141284445588064, 225862000000, 
-3.6598412452832694, 3.9503994864067735, -3.140780383945393, 225930000000, 
-3.6700403836686317, 3.950388523194893, -3.140317748457462, 226032000000, 
-3.6802397728989464, 3.9503736383911767, -3.1400160807824, 226134000000, 
-3.687039303733908, 3.9503619951282443, -3.13976386316091, 226202000000, 
-3.6972389002491792, 3.95034210245336, -3.1395372972681974, 226304000000, 
-3.70403862497217, 3.950327662332912, -3.139411416172667, 226372000000, 
-3.714238222260365, 3.9503043496353127, -3.1392089948556876, 226474000000, 
-3.7210383133086213, 3.9502881154626657, -3.1392597452593423, 226542000000, 
-3.731238408103723, 3.950264762419016, -3.1393361516532545, 226644000000, 
-3.7380383988966814, 3.9502494711483687, -3.139342844019928, 226712000000, 
-3.748238497951126, 3.9502267252188306, -3.1393770639157523, 226814000000, 
-3.755038560430715, 3.9502117981363525, -3.139419837622419, 226882000000, 
-3.761838580952425, 3.9501971885794065, -3.1394551273753075, 226950000000, 
-3.7720387999881284, 3.950175833345836, -3.1395903571767967, 227052000000, 
-3.778839046995437, 3.9501627099602623, -3.1397122455547573, 227120000000, 
-3.789039368095821, 3.9501445345673782, -3.1398672444473292, 227222000000, 
-3.799239536269684, 3.950127616821772, -3.1399907939755916, 227324000000, 
-3.8060396676418424, 3.9501169989256706, -3.1400646721455385, 227392000000, 
-3.8162398782546507, 3.950101968266295, -3.1401581235915037, 227494000000, 
-3.826440215596282, 3.950088283639458, -3.140345014627325, 227596000000, 
-3.836640451668611, 3.9500763348476204, -3.1404944770893444, 227698000000, 
-3.8434405631437207, 3.950069059845425, -3.140546362777298, 227766000000, 
-3.8536408264569197, 3.950059024194438, -3.140655533647645, 227868000000, 
-3.8604409536914197, 3.950052906741875, -3.1407255665699747, 227936000000, 
-3.8706411527658293, 3.950044725153218, -3.140852758595867, 228038000000, 
-3.8774412837855485, 3.950039962715738, -3.1409173864148783, 228106000000, 
-3.887641489572835, 3.95003358569437, -3.1410023403641905, 228208000000, 
-3.8944415664950216, 3.95002980041659, -3.1410546416165714, 228276000000, 
-3.9046416863536035, 3.95002471177732, -3.1411202607207236, 228378000000, 
-3.9114417761583655, 3.95002164724988, -3.1411523769842145, 228446000000, 
-3.9182418124057237, 3.9500187681966885, -3.1411795827940203, 228514000000, 
-3.9250418371938345, 3.950016066132498, -3.1412045050562822, 228582000000, 
-3.9352419216527115, 3.9500123041199218, -3.1412351763874975, 228684000000, 
-3.9420419825569195, 3.950009961167177, -3.1412538753512504, 228752000000, 
-3.952242000146976, 3.950006660962746, -3.14127662668621, 228854000000, 
-3.959042039524369, 3.950004592294465, -3.1412930404389643, 228922000000, 
-3.9692421191638187, 3.9500016906528703, -3.141317067512512, 229024000000, 
-3.9760421217062256, 3.949999906159369, -3.1413326667329073, 229092000000, 
-3.982842139787175, 3.949998239093263, -3.141348603863687, 229160000000, 
-3.9930422454718424, 3.9499959468750125, -3.141374407223855, 229262000000, 
-3.9985492396072977, 3.949970701285675, -3.1302538796575328, 229330000000, 
-4.003020570981496, 3.9499284234824503, -3.1358642424924073, 229398000000, 
-4.0066814417479, 3.9498997688457806, -3.1336233668135702, 229500000000, 
-4.008405967489178, 3.949885545726926, -3.1328227584407986, 229602000000, 
-4.008403526130803, 3.949885563747129, -3.132777230236118, 229670000000, 
-4.008401966646487, 3.9498856661567907, -3.1329286334040165, 229738000000, 
-4.008400874614986, 3.949885809868264, -3.1327971685878504, 229840000000, 
-4.008401881362506, 3.9498858069016576, -3.1328462946049043, 229908000000, 
-4.008404257180641, 3.9498858939767345, -3.1328538972163633, 230010000000, 
-4.008405113639026, 3.949885949902313, -3.13282970896162, 230078000000, 
-4.008404578630271, 3.9498860234797073, -3.1328339185722855, 230180000000, 
-4.008403148549693, 3.9498860892280643, -3.1328373861036125, 230282000000, 
-4.008402601555501, 3.9498861244684824, -3.1328379151035715, 230350000000, 
-4.008402431057529, 3.949886135327842, -3.1328372597039427, 230418000000, 
-4.008403618189433, 3.9498861444101623, -3.1328376002871425, 230520000000, 
-4.008404157926654, 3.949886131537728, -3.1328375103376542, 230588000000, 
-4.008404394814403, 3.9498861272786074, -3.132837516407154, 230656000000, 
